idx,Date,symbol,5adjustedclose,pred_01,truth,X,X,X
5010,9/30/2021,ODFL,284.897,0.31%,22.17%,0.893935448,63.15,63.15
5188,6/15/2022,ODFL,241.983,0.26%,25.29%,0.619232852,61.193,61.193
5015,10/7/2021,ODFL,292.608,0.33%,19.84%,0.972033886,58.059,58.059
5021,10/15/2021,ODFL,301.365,0.39%,18.09%,1.178533941,54.503,54.503
5187,6/14/2022,ODFL,239.206,0.26%,22.42%,0.612126527,53.631,53.631
5004,9/22/2021,ODFL,295.607,0.20%,17.39%,0.602471276,51.404,51.404
5006,9/24/2021,ODFL,301.823,0.22%,15.14%,0.6743915,45.686,45.686
4961,7/22/2021,ODFL,254.197,0.29%,17.53%,0.737572855,44.558,44.558
5027,10/25/2021,ODFL,323.471,0.31%,12.17%,1.015027802,39.355,39.355
5201,7/6/2022,ODFL,263.899,0.11%,14.77%,0.284485708,38.987,38.987
4959,7/20/2021,ODFL,251.907,0.32%,14.18%,0.797401104,35.72,35.72
4880,3/26/2021,ODFL,234.52,0.33%,14.58%,0.762391875,34.2,34.2
4999,9/15/2021,ODFL,289.679,0.24%,11.39%,0.704905748,32.985,32.985
4853,2/17/2021,ODFL,206.719,0.34%,15.69%,0.695290095,32.436,32.436
4844,2/3/2021,ODFL,196.541,0.34%,16.46%,0.661056848,32.358,32.358
4634,4/3/2020,ODFL,121.475,0.20%,26.07%,0.238552071,31.671,31.671
5208,7/15/2022,ODFL,255.029,0.28%,11.88%,0.702013304,30.306,30.306
521,4/2/2020,BTAI,18.75,0.14%,151.52%,0.026281768,28.41,28.41
4626,3/24/2020,ODFL,124.189,0.28%,21.59%,0.348666492,26.815,26.815
4946,6/30/2021,ODFL,252.664,0.22%,9.95%,0.549977291,25.137,25.137
4573,1/7/2020,ODFL,124.643,0.21%,19.57%,0.258385861,24.39,24.39
4638,4/9/2020,ODFL,134.009,0.18%,17.49%,0.243091857,23.44,23.44
4851,2/12/2021,ODFL,210.913,0.33%,11.00%,0.694236886,23.199,23.199
4693,6/29/2020,ODFL,163.427,0.28%,14.14%,0.453933528,23.104,23.104
4507,10/2/2019,ODFL,106.696,0.20%,20.28%,0.210776091,21.636,21.636
5030,10/28/2021,ODFL,333.752,0.21%,6.41%,0.714592068,21.389,21.389
4970,8/4/2021,ODFL,269.15,0.34%,7.89%,0.915117536,21.246,21.246
4678,6/8/2020,ODFL,165.611,0.23%,12.33%,0.383039297,20.414,20.414
4567,12/27/2019,ODFL,124.742,0.29%,16.15%,0.357675306,20.144,20.144
4510,10/7/2019,ODFL,108.576,0.20%,17.31%,0.217680331,18.793,18.793
531,4/17/2020,BTAI,29.37,0.38%,61.08%,0.112268948,17.94,17.94
5095,2/1/2022,ODFL,305.203,0.15%,5.72%,0.470329573,17.466,17.466
4433,6/18/2019,ODFL,92.7978,0.10%,18.57%,0.093389423,17.2312,17.2312
3471,6/23/2021,CSR,73.4925,0.37%,23.44%,0.268467588,17.2264,17.2264
9617,1/6/2021,VRNT,33.729,0.22%,49.54%,0.073356774,16.711,16.711
547,5/11/2020,BTAI,43.01,0.18%,36.50%,0.079239628,15.7,15.7
3475,6/29/2021,CSR,74.5483,0.27%,20.94%,0.204016243,15.614,15.614
4890,4/12/2021,ODFL,247.721,0.22%,6.29%,0.556226119,15.588,15.588
3993,9/15/2017,ODFL,65.737,0.33%,23.43%,0.21447188,15.404,15.404
4430,6/13/2019,ODFL,93.2327,0.17%,16.50%,0.161863826,15.3863,15.3863
4817,12/23/2020,ODFL,195.627,0.24%,7.83%,0.478993883,15.326,15.326
3464,6/14/2021,CSR,71.8947,0.32%,21.22%,0.232390818,15.2542,15.2542
3473,6/25/2021,CSR,75.8133,0.37%,19.88%,0.276945454,15.0688,15.0688
545,5/7/2020,BTAI,38.07,0.18%,38.30%,0.067513315,14.58,14.58
4759,10/1/2020,ODFL,181.524,0.21%,7.93%,0.376274764,14.401,14.401
3479,7/6/2021,CSR,77.6193,0.19%,18.46%,0.145133762,14.328,14.328
4515,10/14/2019,ODFL,112.956,0.22%,12.01%,0.248696445,13.569,13.569
4317,12/31/2018,ODFL,81.1751,0.18%,16.61%,0.148032268,13.4821,13.4821
4050,12/6/2017,ODFL,84.3194,0.27%,15.95%,0.225263139,13.4489,13.4489
4425,6/6/2019,ODFL,89.2066,0.16%,14.64%,0.141205199,13.0604,13.0604
3100,1/2/2020,CSR,63.6012,0.21%,19.99%,0.135385299,12.7166,12.7166
4329,1/17/2019,ODFL,85.6056,0.09%,14.13%,0.080905542,12.0951,12.0951
4424,6/5/2019,ODFL,89.4175,0.16%,13.27%,0.141539032,11.8675,11.8675
4447,7/9/2019,ODFL,96.4219,0.12%,12.23%,0.117269183,11.7881,11.7881
4052,12/8/2017,ODFL,85.5718,0.26%,13.64%,0.221367384,11.6719,11.6719
5087,1/20/2022,ODFL,306,0.17%,3.79%,0.526348091,11.59,11.59
4443,7/2/2019,ODFL,97.8979,0.13%,11.83%,0.130582445,11.5771,11.5771
3162,4/1/2020,CSR,45.0143,0.29%,24.35%,0.131556367,10.9591,10.9591
4215,8/3/2018,ODFL,95.7354,0.26%,11.34%,0.24951951,10.8536,10.8536
446,12/13/2019,BTAI,6.79,0.28%,157.00%,0.019009048,10.66,10.66
429,11/19/2019,BTAI,6.44,0.20%,159.47%,0.012804941,10.27,10.27
4034,11/13/2017,ODFL,77.4718,0.39%,13.09%,0.299659706,10.1393,10.1393
3978,8/24/2017,ODFL,61.2598,0.33%,16.35%,0.19986468,10.0137,10.0137
4496,9/17/2019,ODFL,114.777,0.20%,8.72%,0.227520748,10.007,10.007
3974,8/18/2017,ODFL,62.0452,0.28%,15.81%,0.17234943,9.8115,9.8115
4041,11/22/2017,ODFL,80.7609,0.30%,12.01%,0.241658822,9.7026,9.7026
4487,9/4/2019,ODFL,106.406,0.23%,8.83%,0.244942675,9.4,9.4
648,10/2/2020,BTAI,45,0.21%,20.62%,0.093265718,9.28,9.28
2989,7/25/2019,CSR,54.4162,0.19%,16.73%,0.10108867,9.1047,9.1047
3999,9/25/2017,ODFL,69.9697,0.35%,12.97%,0.242418513,9.0746,9.0746
4033,11/10/2017,ODFL,77.9042,0.38%,11.61%,0.295326486,9.0446,9.0446
4032,11/9/2017,ODFL,78.0418,0.34%,11.48%,0.266830416,8.9595,8.9595
450,12/19/2019,BTAI,8.41,0.20%,106.30%,0.01672198,8.94,8.94
4040,11/21/2017,ODFL,80.7347,0.30%,10.95%,0.241580424,8.837,8.837
2990,7/26/2019,CSR,54.9112,0.19%,16.07%,0.102008229,8.8218,8.8218
4046,11/30/2017,ODFL,84.6791,0.19%,10.10%,0.161265859,8.5516,8.5516
3637,2/17/2022,CSR,90.9799,0.24%,9.36%,0.222467945,8.516,8.516
3721,6/21/2022,CSR,76.2149,0.21%,11.16%,0.158178301,8.5074,8.5074
2985,7/19/2019,CSR,52.772,0.22%,16.00%,0.117706774,8.4418,8.4418
6208,4/30/2021,PBH,43.56,0.12%,19.26%,0.053245183,8.39,8.39
4361,3/6/2019,ODFL,95.0439,0.16%,8.77%,0.152394397,8.3321,8.3321
6122,12/24/2020,PBH,34.9,0.33%,23.81%,0.115986503,8.31,8.31
3096,12/26/2019,CSR,64.6443,0.23%,12.83%,0.151871866,8.2938,8.2938
623,8/27/2020,BTAI,39.86,0.25%,20.47%,0.10064379,8.16,8.16
2979,7/11/2019,CSR,53.1963,0.21%,15.30%,0.109379934,8.1412,8.1412
6311,9/27/2021,PBH,54.91,0.24%,14.51%,0.129292387,7.97,7.97
4466,8/5/2019,ODFL,106.813,0.13%,7.46%,0.135322308,7.964,7.964
5456,5/4/2018,PBH,28.86,0.23%,26.72%,0.064949424,7.71,7.71
4331,1/22/2019,ODFL,87.3607,0.09%,8.79%,0.078373285,7.6832,7.6832
4220,8/10/2018,ODFL,96.2872,0.30%,7.97%,0.287700299,7.6788,7.6788
6207,4/29/2021,PBH,44.09,0.12%,17.37%,0.053893024,7.66,7.66
5455,5/3/2018,PBH,29.38,0.23%,25.22%,0.066119684,7.41,7.41
695,12/9/2020,BTAI,42.46,0.23%,17.45%,0.099772296,7.41,7.41
6305,9/17/2021,PBH,52.9,0.30%,13.40%,0.157332641,7.09,7.09
2975,7/5/2019,CSR,53.5057,0.26%,13.23%,0.137153023,7.0805,7.0805
6310,9/24/2021,PBH,55.86,0.19%,12.64%,0.106215287,7.06,7.06
9991,7/1/2022,VRNT,42.3,0.27%,16.52%,0.115967007,6.99,6.99
6255,7/8/2021,PBH,51,0.39%,13.69%,0.197113378,6.98,6.98
3988,9/8/2017,ODFL,66.7854,0.28%,10.37%,0.185085164,6.9255,6.9255
4002,9/28/2017,ODFL,71.2539,0.35%,9.53%,0.24686778,6.7879,6.7879
3440,5/10/2021,CSR,67.3959,0.20%,10.01%,0.137353626,6.7434,6.7434
3571,11/12/2021,CSR,99.181,0.12%,6.73%,0.121632048,6.671,6.671
4137,4/13/2018,ODFL,94.5456,0.29%,7.04%,0.277713386,6.6554,6.6554
6474,5/19/2022,PBH,53.26,0.20%,12.24%,0.109117464,6.52,6.52
3222,6/26/2020,CSR,60.3478,0.21%,10.78%,0.128365045,6.5028,6.5028
863,8/11/2021,BTAI,25.53,0.20%,25.46%,0.05080227,6.5,6.5
4815,12/21/2020,ODFL,196.611,0.23%,3.31%,0.455148586,6.5,6.5
9913,3/10/2022,VRNT,49.31,0.20%,13.06%,0.099008198,6.44,6.44
4834,1/20/2021,ODFL,207.683,0.17%,2.99%,0.352980166,6.215,6.215
4330,1/18/2019,ODFL,89.8126,0.09%,6.89%,0.081253675,6.1921,6.1921
9165,3/22/2019,VRNT,25.9552,0.42%,22.51%,0.108674552,5.8431,5.8431
4765,10/9/2020,ODFL,198.398,0.19%,2.93%,0.375663637,5.82,5.82
4139,4/17/2018,ODFL,98.1686,0.29%,5.92%,0.2883554,5.8084,5.8084
9912,3/9/2022,VRNT,49.46,0.23%,11.73%,0.111600288,5.8,5.8
6300,9/10/2021,PBH,53.5,0.38%,10.69%,0.202419358,5.72,5.72
4031,11/8/2017,ODFL,79.2474,0.34%,7.21%,0.270952448,5.7146,5.7146
4491,9/10/2019,ODFL,113.722,0.23%,5.01%,0.257825492,5.699,5.699
872,8/24/2021,BTAI,25.36,0.19%,22.40%,0.047502404,5.68,5.68
6139,1/21/2021,PBH,37.95,0.23%,14.70%,0.08716715,5.58,5.58
6247,6/25/2021,PBH,52.84,0.06%,10.52%,0.03174592,5.56,5.56
203,12/27/2018,BTAI,4.36,0.29%,127.06%,0.012683427,5.54,5.54
6194,4/12/2021,PBH,44.3,0.16%,12.42%,0.070231776,5.5,5.5
3292,10/6/2020,CSR,63.9053,0.29%,8.56%,0.184065835,5.473,5.473
3158,3/26/2020,CSR,51.4793,0.11%,10.56%,0.056885481,5.4347,5.4347
3628,2/4/2022,CSR,90.1042,0.16%,6.03%,0.139793044,5.4296,5.4296
8296,11/23/2020,SLN,16.7,0.19%,32.04%,0.030947553,5.35,5.35
8292,11/17/2020,SLN,16.7,0.31%,31.74%,0.051216261,5.3,5.3
5868,12/23/2019,PBH,39.74,0.29%,13.21%,0.115430755,5.25,5.25
4746,9/14/2020,ODFL,191.833,0.22%,2.72%,0.414910915,5.224,5.224
10002,7/19/2022,VRNT,43.76,0.20%,11.79%,0.086647119,5.16,5.16
9909,3/4/2022,VRNT,48.95,0.20%,10.46%,0.098285364,5.12,5.12
9833,11/12/2021,VRNT,47.43,0.20%,10.52%,0.093638796,4.99,4.99
4745,9/11/2020,ODFL,194.306,0.19%,2.55%,0.377349733,4.946,4.946
864,8/12/2021,BTAI,25.75,0.20%,19.15%,0.051240049,4.93,4.93
3967,8/9/2017,ODFL,63.5311,0.28%,7.66%,0.179734298,4.8661,4.8661
3008,8/21/2019,CSR,61.1165,0.18%,7.74%,0.110470592,4.7329,4.7329
6317,10/5/2021,PBH,56.62,0.25%,8.32%,0.142438538,4.71,4.71
2642,3/8/2018,CSR,39.3854,0.19%,11.89%,0.076078863,4.6836,4.6836
6198,4/16/2021,PBH,45.22,0.16%,10.28%,0.070372074,4.65,4.65
9340,11/29/2019,VRNT,24.7631,0.33%,18.68%,0.081756127,4.6256,4.6256
3106,1/10/2020,CSR,62.8982,0.19%,7.34%,0.121886541,4.6144,4.6144
9849,12/7/2021,VRNT,48.61,0.12%,9.36%,0.05998508,4.55,4.55
9147,2/26/2019,VRNT,27.0912,0.43%,16.66%,0.115446629,4.5135,4.5135
5787,8/28/2019,PBH,31.31,0.35%,14.37%,0.108617609,4.5,4.5
8328,1/11/2021,SLN,21.9,0.28%,20.55%,0.062020248,4.5,4.5
4158,5/14/2018,ODFL,96.0093,0.26%,4.61%,0.246991355,4.4297,4.4297
3001,8/12/2019,CSR,59.7464,0.22%,7.41%,0.134378161,4.4248,4.4248
6138,1/20/2021,PBH,38.1,0.23%,11.42%,0.0875117,4.35,4.35
8306,12/8/2020,SLN,19.8621,0.32%,21.79%,0.063143729,4.3279,4.3279
6245,6/23/2021,PBH,52.19,0.11%,8.20%,0.059914814,4.28,4.28
2634,2/26/2018,CSR,40.5462,0.29%,10.56%,0.117346959,4.2797,4.2797
6137,1/19/2021,PBH,38.05,0.23%,11.20%,0.08739684,4.26,4.26
9160,3/15/2019,VRNT,26.7957,0.38%,15.61%,0.101213109,4.1824,4.1824
4107,3/1/2018,ODFL,90.3783,0.26%,4.61%,0.233988171,4.1673,4.1673
6354,11/26/2021,PBH,56.41,0.35%,7.32%,0.196153957,4.13,4.13
1071,6/8/2022,BTAI,11.72,0.21%,35.24%,0.024422682,4.13,4.13
6130,1/7/2021,PBH,37.47,0.23%,10.92%,0.086064641,4.09,4.09
5831,10/30/2019,PBH,34.9,0.39%,11.72%,0.134582137,4.09,4.09
2675,4/25/2018,CSR,44.069,0.21%,9.16%,0.092009907,4.0368,4.0368
9315,10/24/2019,VRNT,22.3179,0.22%,18.03%,0.04851724,4.0244,4.0244
5830,10/29/2019,PBH,34.87,0.33%,11.53%,0.116751235,4.02,4.02
4482,8/27/2019,ODFL,105.107,0.22%,3.80%,0.233826603,3.99,3.99
3630,2/8/2022,CSR,88.4013,0.19%,4.48%,0.171566874,3.9603,3.9603
3578,11/23/2021,CSR,98.1949,0.19%,4.02%,0.182908308,3.9461,3.9461
2691,5/17/2018,CSR,43.1439,0.22%,9.13%,0.093125849,3.9402,3.9402
4112,3/8/2018,ODFL,93.5349,0.30%,4.21%,0.284318316,3.938,3.938
3285,9/25/2020,CSR,58.9533,0.34%,6.64%,0.200295204,3.917,3.917
6143,1/27/2021,PBH,41.97,0.33%,9.27%,0.137415391,3.89,3.89
1078,6/17/2022,BTAI,10.33,0.16%,37.46%,0.016871574,3.87,3.87
8391,4/13/2021,SLN,23.13,0.26%,16.73%,0.06048952,3.87,3.87
6218,5/14/2021,PBH,48.5,0.16%,7.86%,0.075393735,3.81,3.81
6437,3/28/2022,PBH,53.81,0.24%,6.99%,0.129394405,3.76,3.76
8332,1/15/2021,SLN,22,0.33%,17.05%,0.073073739,3.75,3.75
4418,5/28/2019,ODFL,90.2134,0.21%,4.14%,0.191115446,3.7309,3.7309
9414,3/18/2020,VRNT,18.0744,0.13%,20.46%,0.023897838,3.6984,3.6984
3294,10/8/2020,CSR,64.2503,0.28%,5.75%,0.179929688,3.6922,3.6922
2682,5/4/2018,CSR,45.6669,0.32%,7.95%,0.144362739,3.631,3.631
5336,11/9/2017,PBH,40.99,0.16%,8.69%,0.063786437,3.56,3.56
5804,9/23/2019,PBH,34.75,0.35%,10.22%,0.12035316,3.55,3.55
9326,11/8/2019,VRNT,24.2537,0.28%,14.51%,0.067551235,3.5201,3.5201
9330,11/14/2019,VRNT,24.3454,0.27%,14.46%,0.066526673,3.5201,3.5201
9527,8/27/2020,VRNT,23.6016,0.31%,14.85%,0.073919253,3.5049,3.5049
5463,5/15/2018,PBH,34.59,0.19%,10.12%,0.064884147,3.5,3.5
5832,10/31/2019,PBH,35.46,0.39%,9.53%,0.139410706,3.38,3.38
3304,10/22/2020,CSR,64.3808,0.24%,5.24%,0.154149718,3.3752,3.3752
5465,5/17/2018,PBH,35.01,0.19%,9.63%,0.066813091,3.37,3.37
791,4/29/2021,BTAI,34.5,0.22%,9.74%,0.074501015,3.36,3.36
9569,10/27/2020,VRNT,25.3948,0.26%,13.22%,0.06632106,3.3571,3.3571
9829,11/8/2021,VRNT,47.48,0.11%,6.95%,0.05057609,3.3,3.3
9767,8/11/2021,VRNT,42.32,0.21%,7.75%,0.089644636,3.28,3.28
9830,11/9/2021,VRNT,47.24,0.12%,6.90%,0.056864848,3.26,3.26
35,4/27/2018,BTAI,7.5,0.35%,42.93%,0.026027531,3.22,3.22
5464,5/16/2018,PBH,35.19,0.12%,9.15%,0.043612023,3.22,3.22
5820,10/15/2019,PBH,34.42,0.39%,9.21%,0.132691375,3.17,3.17
4468,8/7/2019,ODFL,109.726,0.22%,2.88%,0.245019968,3.158,3.158
2964,6/19/2019,CSR,53.7797,0.15%,5.82%,0.080579281,3.1292,3.1292
8281,11/2/2020,SLN,15,0.15%,20.67%,0.022988133,3.1,3.1
5734,6/13/2019,PBH,30.41,0.28%,10.19%,0.085016081,3.1,3.1
5443,4/17/2018,PBH,31.82,0.29%,9.71%,0.09149771,3.09,3.09
9768,8/12/2021,VRNT,42.74,0.21%,7.21%,0.088124794,3.08,3.08
893,9/23/2021,BTAI,32.03,0.26%,9.55%,0.083463678,3.06,3.06
9553,10/5/2020,VRNT,25.2725,0.41%,12.09%,0.103011377,3.0566,3.0566
2965,6/20/2019,CSR,53.8062,0.19%,5.62%,0.099955476,3.0232,3.0232
3302,10/20/2020,CSR,63.9239,0.21%,4.73%,0.136528646,3.0209,3.0209
9348,12/11/2019,VRNT,26.4289,0.29%,11.22%,0.07641285,2.9649,2.9649
2696,5/24/2018,CSR,44.4895,0.28%,6.60%,0.126657536,2.9352,2.9352
9525,8/25/2020,VRNT,23.3316,0.25%,12.58%,0.057794254,2.9343,2.9343
9980,6/15/2022,VRNT,42.74,0.26%,6.86%,0.109432915,2.93,2.93
3424,4/16/2021,CSR,64.8279,0.19%,4.45%,0.124931013,2.8819,2.8819
9822,10/28/2021,VRNT,46.53,0.19%,6.17%,0.088257476,2.87,2.87
991,2/11/2022,BTAI,17.72,0.30%,16.20%,0.052685007,2.87,2.87
9346,12/9/2019,VRNT,26.8569,0.29%,10.68%,0.07765031,2.868,2.868
6233,6/7/2021,PBH,49.9,0.16%,5.61%,0.079724501,2.8,2.8
6268,7/27/2021,PBH,52.67,0.26%,5.32%,0.138312031,2.8,2.8
4229,8/23/2018,ODFL,97.0492,0.30%,2.88%,0.289977109,2.7946,2.7946
2857,1/15/2019,CSR,49.3497,0.39%,5.63%,0.191763064,2.78,2.78
9820,10/26/2021,VRNT,46.36,0.19%,5.97%,0.087935022,2.77,2.77
6482,6/1/2022,PBH,55.76,0.23%,4.91%,0.128015035,2.74,2.74
5996,6/26/2020,PBH,36.88,0.20%,7.32%,0.073138627,2.7,2.7
9552,10/2/2020,VRNT,24.9975,0.31%,10.80%,0.077488425,2.6999,2.6999
2824,11/26/2018,CSR,45.4343,0.36%,5.92%,0.16261284,2.6894,2.6894
8257,9/29/2020,SLN,17.3061,0.24%,15.51%,0.041478383,2.6839,2.6839
8258,9/30/2020,SLN,17.3061,0.23%,15.51%,0.040310202,2.6839,2.6839
4359,3/4/2019,ODFL,97.7007,0.18%,2.70%,0.171486223,2.6413,2.6413
8034,11/11/2021,PTNR,5.13,0.23%,50.68%,0.011988852,2.6,2.6
5935,3/31/2020,PBH,36.68,0.21%,6.95%,0.076161021,2.55,2.55
9787,9/9/2021,VRNT,44.1,0.25%,5.76%,0.108813465,2.54,2.54
9303,10/8/2019,VRNT,22.0122,0.20%,11.48%,0.044724073,2.5268,2.5268
5785,8/26/2019,PBH,32.07,0.39%,7.83%,0.12598999,2.51,2.51
8270,10/16/2020,SLN,15.5,0.31%,16.13%,0.04865007,2.5,2.5
8020,10/22/2021,PTNR,4.35,0.27%,57.24%,0.011879373,2.49,2.49
6088,11/5/2020,PBH,33.68,0.20%,7.30%,0.066581958,2.46,2.46
8960,5/29/2018,VRNT,21.3958,0.43%,11.31%,0.092732983,2.4198,2.4198
4366,3/13/2019,ODFL,97.7948,0.21%,2.46%,0.205940788,2.4022,2.4022
3527,9/13/2021,CSR,97.0817,0.26%,2.45%,0.250843347,2.3796,2.3796
8767,8/21/2017,VRNT,19.4345,0.17%,12.06%,0.033888499,2.3434,2.3434
985,2/3/2022,BTAI,15.32,0.31%,15.27%,0.047212548,2.34,2.34
5783,8/22/2019,PBH,32.97,0.39%,6.76%,0.129525724,2.23,2.23
9515,8/11/2020,VRNT,21.9969,0.26%,10.05%,0.056320636,2.2109,2.2109
242,2/25/2019,BTAI,8.25,0.28%,26.67%,0.023163118,2.2,2.2
9302,10/7/2019,VRNT,22.4605,0.26%,9.71%,0.057601069,2.1804,2.1804
211,1/9/2019,BTAI,5.97,0.23%,36.18%,0.013885779,2.16,2.16
5738,6/19/2019,PBH,31.48,0.32%,6.83%,0.099488646,2.15,2.15
5755,7/15/2019,PBH,29.93,0.28%,7.15%,0.08490262,2.14,2.14
8026,11/1/2021,PTNR,5.09,0.30%,42.04%,0.015262653,2.14,2.14
251,3/8/2019,BTAI,7.77,0.30%,27.41%,0.023676247,2.13,2.13
6104,11/30/2020,PBH,35.57,0.26%,5.99%,0.092070071,2.13,2.13
8033,11/10/2021,PTNR,5.27,0.32%,40.06%,0.017006493,2.111,2.111
5802,9/19/2019,PBH,33.35,0.35%,6.33%,0.117623052,2.11,2.11
1053,5/12/2022,BTAI,10.76,0.13%,19.33%,0.01383949,2.08,2.08
9419,3/25/2020,VRNT,21.1004,0.25%,9.71%,0.053225653,2.0478,2.0478
9555,10/7/2020,VRNT,26.2659,0.32%,7.64%,0.083410039,2.0072,2.0072
9360,12/30/2019,VRNT,27.8655,0.32%,7.17%,0.090075663,1.997,1.997
8269,10/15/2020,SLN,15.5,0.31%,12.86%,0.04865007,1.9926,1.9926
988,2/8/2022,BTAI,16.86,0.31%,11.80%,0.051958457,1.99,1.99
9415,3/19/2020,VRNT,19.5772,0.19%,10.12%,0.036961039,1.9816,1.9816
6290,8/26/2021,PBH,56.1,0.37%,3.46%,0.208421979,1.94,1.94
6351,11/22/2021,PBH,59.18,0.28%,3.19%,0.164270944,1.89,1.89
8516,10/8/2021,SLN,21.08,0.24%,8.87%,0.050814394,1.87,1.87
8059,12/17/2021,PTNR,7.2,0.21%,25.97%,0.014837681,1.87,1.87
4340,2/4/2019,ODFL,92.9415,0.14%,2.00%,0.130064017,1.8589,1.8589
1350,4/19/2018,CDTX,3.85,0.22%,48.05%,0.008424548,1.85,1.85
8044,11/26/2021,PTNR,6.05,0.23%,30.26%,0.014187988,1.8307,1.8307
250,3/7/2019,BTAI,7.91,0.30%,22.88%,0.024102846,1.81,1.81
413,10/28/2019,BTAI,4.32,0.27%,41.67%,0.011837873,1.8,1.8
3410,3/26/2021,CSR,65.612,0.34%,2.72%,0.226349065,1.7839,1.7839
8941,5/1/2018,VRNT,21.4977,0.43%,8.29%,0.093174635,1.783,1.783
2628,2/15/2018,CSR,41.6241,0.23%,4.26%,0.096148945,1.7721,1.7721
4986,8/26/2021,ODFL,284.82,0.30%,0.62%,0.8557749,1.761,1.761
9504,7/27/2020,VRNT,22.5726,0.44%,7.79%,0.098191577,1.7575,1.7575
268,4/2/2019,BTAI,8.99,0.29%,19.47%,0.026156444,1.75,1.75
9535,9/9/2020,VRNT,24.6103,0.21%,6.93%,0.051224075,1.7066,1.7066
1178,8/11/2017,CDTX,6.15,0.28%,27.64%,0.017346712,1.7,1.7
6230,6/2/2021,PBH,49.95,0.11%,3.40%,0.057343264,1.7,1.7
9906,3/1/2022,VRNT,49.99,0.20%,3.38%,0.099372417,1.69,1.69
2511,8/29/2017,CSR,50.3213,0.38%,3.34%,0.190958776,1.6796,1.6796
3314,11/5/2020,CSR,63.9892,0.20%,2.61%,0.128235048,1.6689,1.6689
8377,3/23/2021,SLN,23.52,0.32%,6.90%,0.07641981,1.6228,1.6228
2744,8/2/2018,CSR,46.403,0.18%,3.49%,0.083755638,1.6177,1.6177
5696,4/18/2019,PBH,28.08,0.28%,5.70%,0.078502189,1.6,1.6
8013,10/13/2021,PTNR,4.56,0.27%,34.65%,0.01245286,1.58,1.58
9544,9/22/2020,VRNT,24.4829,0.24%,6.35%,0.058834522,1.5538,1.5538
1225,10/18/2017,CDTX,6.35,0.27%,24.41%,0.016910714,1.55,1.55
71,6/19/2018,BTAI,8.68,0.33%,17.80%,0.028859082,1.545,1.545
5333,11/6/2017,PBH,43.07,0.19%,3.55%,0.082033607,1.53,1.53
5997,6/29/2020,PBH,36.63,0.20%,4.18%,0.072642839,1.53,1.53
8665,5/12/2022,SLN,10.3,0.31%,14.56%,0.031920931,1.5,1.5
4799,11/27/2020,ODFL,200.613,0.33%,0.74%,0.66009862,1.494,1.494
4766,10/12/2020,ODFL,199.391,0.15%,0.74%,0.292254806,1.47,1.47
5344,11/21/2017,PBH,42.74,0.31%,3.42%,0.13040716,1.46,1.46
194,12/13/2018,BTAI,4.18,0.31%,34.93%,0.012812507,1.46,1.46
6108,12/4/2020,PBH,36.64,0.35%,3.98%,0.126479617,1.46,1.46
253,3/12/2019,BTAI,9.34,0.27%,15.10%,0.024944853,1.41,1.41
1360,5/3/2018,CDTX,4.35,0.26%,32.18%,0.011183168,1.4,1.4
1185,8/22/2017,CDTX,6.75,0.24%,20.74%,0.015959411,1.4,1.4
3329,11/27/2020,CSR,66.46,0.29%,2.08%,0.19462064,1.3836,1.3836
9783,9/2/2021,VRNT,45.15,0.16%,3.03%,0.071781673,1.37,1.37
8197,7/8/2022,PTNR,7.24,0.11%,18.92%,0.008310086,1.37,1.37
5795,9/10/2019,PBH,34.68,0.25%,3.95%,0.088109711,1.37,1.37
8910,3/16/2018,VRNT,20.0968,0.21%,6.72%,0.041351537,1.35,1.35
8754,8/2/2017,VRNT,19.2308,0.26%,7.02%,0.049706799,1.3499,1.3499
4302,12/7/2018,ODFL,84.7261,0.20%,1.59%,0.172094282,1.3462,1.3462
5345,11/22/2017,PBH,42.94,0.27%,3.07%,0.114948465,1.32,1.32
8547,11/22/2021,SLN,22.3,0.30%,5.88%,0.067891619,1.312,1.312
2656,3/28/2018,CSR,44.069,0.25%,2.86%,0.108933456,1.2615,1.2615
7218,8/16/2018,PTNR,3.9,0.28%,32.31%,0.010898332,1.26,1.26
3046,10/15/2019,CSR,66.4385,0.33%,1.89%,0.222207476,1.2586,1.2586
8663,5/10/2022,SLN,10.75,0.31%,11.53%,0.033315535,1.24,1.24
2902,3/21/2019,CSR,51.9277,0.27%,2.37%,0.141110845,1.232,1.232
846,7/19/2021,BTAI,26.96,0.19%,4.53%,0.05201763,1.22,1.22
239,2/20/2019,BTAI,8.24,0.28%,14.81%,0.023135042,1.22,1.22
5880,1/10/2020,PBH,38.41,0.37%,3.12%,0.14340627,1.2,1.2
1223,10/16/2017,CDTX,6.9,0.27%,17.39%,0.018375422,1.2,1.2
9520,8/18/2020,VRNT,23.3724,0.45%,5.01%,0.105858555,1.1717,1.1717
183,11/27/2018,BTAI,4.9,0.31%,23.88%,0.015019446,1.17,1.17
783,4/19/2021,BTAI,33.16,0.19%,3.44%,0.064447001,1.14,1.14
5508,7/19/2018,PBH,38.04,0.31%,2.97%,0.118411216,1.13,1.13
2878,2/14/2019,CSR,51.2232,0.35%,2.19%,0.178791855,1.1239,1.1239
8952,5/16/2018,VRNT,21.2685,0.42%,5.27%,0.089061391,1.1207,1.1207
8909,3/15/2018,VRNT,20.1223,0.25%,5.57%,0.050873324,1.1207,1.1207
2742,7/31/2018,CSR,46.6584,0.24%,2.37%,0.114026047,1.1069,1.1069
5951,4/23/2020,PBH,39.83,0.20%,2.76%,0.080148937,1.1,1.1
1366,5/11/2018,CDTX,4.1,0.28%,26.83%,0.011302225,1.1,1.1
1831,3/18/2020,CDTX,1.74,0.38%,62.64%,0.006592638,1.09,1.09
4472,8/13/2019,ODFL,113.192,0.24%,0.96%,0.276754383,1.084,1.084
8268,10/14/2020,SLN,16.41,0.31%,6.60%,0.051057761,1.0826,1.0826
7761,10/13/2020,PTNR,3.87,0.26%,27.91%,0.010004405,1.08,1.08
5101,2/9/2022,ODFL,314.881,0.26%,0.34%,0.814856798,1.073,1.073
1846,4/8/2020,CDTX,2.45,0.17%,43.67%,0.004104004,1.07,1.07
8193,7/1/2022,PTNR,7.26,0.23%,14.67%,0.016823025,1.065,1.065
10006,7/25/2022,VRNT,44.16,0.26%,2.29%,0.113177796,1.01,1.01
1343,4/10/2018,CDTX,3.9,0.25%,25.64%,0.009910951,1,1
8541,11/12/2021,SLN,22.7,0.32%,4.41%,0.07216172,1,1
9366,1/8/2020,VRNT,29.0779,0.33%,3.36%,0.095831549,0.9781,0.9781
6270,7/29/2021,PBH,52.53,0.26%,1.85%,0.137944389,0.97,0.97
5433,4/3/2018,PBH,33.62,0.23%,2.89%,0.078789109,0.97,0.97
9174,4/4/2019,VRNT,30.2394,0.34%,3.20%,0.101493647,0.9679,0.9679
8759,8/9/2017,VRNT,19.5619,0.21%,4.95%,0.041944863,0.9679,0.9679
7468,8/15/2019,PTNR,3.85,0.22%,25.10%,0.00859878,0.9665,0.9665
2032,1/4/2021,CDTX,2.06,0.29%,46.12%,0.005900969,0.95,0.95
5683,4/1/2019,PBH,29.35,0.22%,3.24%,0.064221616,0.95,0.95
6236,6/10/2021,PBH,51.64,0.10%,1.82%,0.049689745,0.94,0.94
9813,10/15/2021,VRNT,46.52,0.09%,2.00%,0.042654472,0.93,0.93
7566,1/6/2020,PTNR,4.136,0.22%,22.34%,0.009179151,0.924,0.924
9493,7/10/2020,VRNT,22.1549,0.39%,4.12%,0.085639332,0.9118,0.9118
1197,9/8/2017,CDTX,6.6,0.27%,13.64%,0.018137088,0.9,0.9
1855,4/22/2020,CDTX,2.74,0.17%,32.48%,0.004589784,0.89,0.89
7574,1/16/2020,PTNR,4.0924,0.22%,21.69%,0.009082388,0.8876,0.8876
5670,3/13/2019,PBH,27.98,0.31%,3.11%,0.086006205,0.87,0.87
8907,3/13/2018,VRNT,20.3006,0.22%,4.27%,0.044171422,0.866,0.866
4069,1/4/2018,ODFL,88.7652,0.35%,0.94%,0.308089097,0.8328,0.8328
661,10/21/2020,BTAI,44.62,0.25%,1.82%,0.109615241,0.81,0.81
8055,12/13/2021,PTNR,7.24,0.24%,10.77%,0.017656271,0.78,0.78
8897,2/27/2018,VRNT,20.1223,0.29%,3.80%,0.058324197,0.7641,0.7641
1674,8/2/2019,CDTX,1.33,0.33%,57.14%,0.004428256,0.76,0.76
7017,10/27/2017,PTNR,5.22,0.27%,14.18%,0.014351478,0.74,0.74
1769,12/17/2019,CDTX,2.43,0.28%,29.63%,0.006684313,0.72,0.72
9091,12/3/2018,VRNT,22.9241,0.30%,3.13%,0.068017742,0.7183,0.7183
8179,6/10/2022,PTNR,7.15,0.22%,9.93%,0.015712312,0.7102,0.7102
7379,4/9/2019,PTNR,4.036,0.21%,17.44%,0.008586077,0.704,0.704
275,4/11/2019,BTAI,10.16,0.26%,6.79%,0.02611816,0.69,0.69
7005,10/11/2017,PTNR,5.17,0.27%,13.35%,0.014119098,0.69,0.69
2872,2/6/2019,CSR,51.2577,0.30%,1.31%,0.154129403,0.67,0.67
1679,8/9/2019,CDTX,1.3,0.37%,50.77%,0.004796584,0.66,0.66
6500,6/28/2022,PBH,57,0.12%,1.16%,0.067417451,0.66,0.66
1176,8/9/2017,CDTX,6.5,0.28%,10.00%,0.018333923,0.65,0.65
7023,11/6/2017,PTNR,5.32,0.27%,12.22%,0.01462641,0.65,0.65
5497,7/3/2018,PBH,36.6,0.31%,1.75%,0.113928773,0.64,0.64
7755,10/5/2020,PTNR,4.02,0.27%,15.67%,0.010992946,0.6301,0.6301
8178,6/9/2022,PTNR,7.24,0.19%,8.56%,0.013845427,0.62,0.62
2170,7/22/2021,CDTX,1.55,0.31%,40.00%,0.004877784,0.62,0.62
6964,8/14/2017,PTNR,4.7322,0.25%,13.06%,0.011768809,0.6178,0.6178
2027,12/24/2020,CDTX,2.06,0.17%,29.61%,0.003528733,0.61,0.61
1731,10/23/2019,CDTX,1.9,0.25%,31.58%,0.004716416,0.6,0.6
2176,7/30/2021,CDTX,1.52,0.31%,38.82%,0.004681963,0.59,0.59
5960,5/6/2020,PBH,39.55,0.27%,1.47%,0.105706274,0.58,0.58
1671,7/30/2019,CDTX,1.55,0.33%,37.42%,0.005061766,0.58,0.58
7629,4/6/2020,PTNR,3.7104,0.25%,15.62%,0.009261521,0.5796,0.5796
786,4/22/2021,BTAI,34.39,0.23%,1.66%,0.078186999,0.57,0.57
7004,10/10/2017,PTNR,5.16,0.27%,10.91%,0.013771882,0.5629,0.5629
2923,4/22/2019,CSR,50.3287,0.31%,1.11%,0.154018304,0.5593,0.5593
9066,10/26/2018,VRNT,22.8579,0.38%,2.41%,0.086200229,0.5501,0.5501
5526,8/14/2018,PBH,37.54,0.31%,1.44%,0.116854812,0.54,0.54
1728,10/18/2019,CDTX,1.88,0.16%,28.72%,0.003000883,0.54,0.54
1681,8/13/2019,CDTX,1.31,0.37%,40.46%,0.004833481,0.53,0.53
1686,8/20/2019,CDTX,1.3,0.30%,40.00%,0.003904665,0.52,0.52
1682,8/14/2019,CDTX,1.32,0.37%,38.64%,0.004946958,0.51,0.51
2021,12/16/2020,CDTX,2.08,0.16%,24.52%,0.003262765,0.51,0.51
6967,8/17/2017,PTNR,4.74,0.28%,10.76%,0.013134518,0.51,0.51
8203,7/18/2022,PTNR,7.65,0.18%,6.54%,0.01408997,0.5,0.5
1687,8/21/2019,CDTX,1.38,0.30%,36.23%,0.004144952,0.5,0.5
2016,12/9/2020,CDTX,2.08,0.27%,24.04%,0.005597703,0.5,0.5
1828,3/13/2020,CDTX,2.29,0.33%,21.83%,0.007507073,0.5,0.5
303,5/22/2019,BTAI,10.9,0.24%,4.40%,0.026266114,0.48,0.48
1722,10/10/2019,CDTX,1.81,0.23%,25.97%,0.0041888,0.47,0.47
280,4/18/2019,BTAI,9.72,0.32%,4.73%,0.030845542,0.46,0.46
1227,10/20/2017,CDTX,7.5,0.32%,6.00%,0.023788196,0.45,0.45
1205,9/20/2017,CDTX,6.95,0.32%,6.47%,0.022043728,0.45,0.45
1426,8/7/2018,CDTX,3.7,0.30%,12.16%,0.011191131,0.45,0.45
2029,12/29/2020,CDTX,2,0.17%,21.50%,0.003425954,0.43,0.43
7200,7/23/2018,PTNR,4.08,0.28%,10.29%,0.01132953,0.42,0.42
9708,5/18/2021,VRNT,44.66,0.37%,0.92%,0.164410208,0.41,0.41
1710,9/24/2019,CDTX,1.87,0.28%,21.93%,0.005308355,0.41,0.41
1886,6/5/2020,CDTX,3.53,0.32%,11.33%,0.011317942,0.4,0.4
9085,11/23/2018,VRNT,22.0071,0.37%,1.81%,0.081407071,0.3974,0.3974
7227,8/29/2018,PTNR,4.61,0.19%,8.46%,0.008899031,0.39,0.39
2020,12/15/2020,CDTX,2.06,0.28%,18.93%,0.005730034,0.39,0.39
7669,6/3/2020,PTNR,3.85,0.26%,9.87%,0.009862598,0.38,0.38
3582,11/30/2021,CSR,98.7943,0.12%,0.38%,0.121157812,0.3787,0.3787
6978,9/1/2017,PTNR,4.87,0.23%,7.60%,0.011161436,0.37,0.37
2933,5/6/2019,CSR,52.8714,0.32%,0.70%,0.169707582,0.3691,0.3691
7955,7/22/2021,PTNR,4.06,0.35%,8.87%,0.014336655,0.36,0.36
1876,5/21/2020,CDTX,3.52,0.23%,10.23%,0.00796506,0.36,0.36
2017,12/10/2020,CDTX,2.15,0.20%,16.28%,0.004308273,0.35,0.35
1715,10/1/2019,CDTX,1.935,0.21%,17.83%,0.004047164,0.345,0.345
8501,9/17/2021,SLN,21.649,0.31%,1.58%,0.066583749,0.341,0.341
8994,7/17/2018,VRNT,24.7326,0.34%,1.34%,0.08485041,0.3311,0.3311
2587,12/15/2017,CSR,46.6871,0.21%,0.70%,0.096447901,0.3266,0.3266
7359,3/12/2019,PTNR,4.1708,0.20%,7.71%,0.008475429,0.3215,0.3215
8847,12/13/2017,VRNT,21.1156,0.34%,1.45%,0.072409548,0.3057,0.3057
8108,3/1/2022,PTNR,7.7,0.30%,3.90%,0.023205162,0.3,0.3
7041,12/1/2017,PTNR,5.76,0.27%,5.03%,0.015836113,0.29,0.29
8266,10/12/2020,SLN,16.41,0.31%,1.77%,0.051057761,0.29,0.29
2384,5/26/2022,CDTX,0.4409,0.13%,65.55%,0.000582971,0.289,0.289
7701,7/20/2020,PTNR,4.01,0.14%,6.98%,0.005619968,0.28,0.28
7170,6/8/2018,PTNR,3.8,0.27%,7.37%,0.010207231,0.28,0.28
9476,6/16/2020,VRNT,22.5115,0.39%,1.22%,0.08860774,0.2751,0.2751
7420,6/7/2019,PTNR,4.15,0.19%,6.55%,0.00771487,0.272,0.272
4610,3/2/2020,ODFL,132.104,0.25%,0.20%,0.33354758,0.269,0.269
7459,8/2/2019,PTNR,4.0044,0.22%,6.54%,0.008705984,0.2618,0.2618
6501,6/29/2022,PBH,56.94,0.13%,0.46%,0.075989459,0.26,0.26
9865,12/30/2021,VRNT,52.36,0.17%,0.50%,0.086642239,0.26,0.26
7326,1/23/2019,PTNR,4.2346,0.31%,6.03%,0.01316514,0.2554,0.2554
7689,7/1/2020,PTNR,4.3,0.27%,5.81%,0.011453951,0.25,0.25
283,4/24/2019,BTAI,10.75,0.26%,2.33%,0.027634864,0.25,0.25
9484,6/26/2020,VRNT,22.1141,0.32%,1.13%,0.069702387,0.2496,0.2496
2396,6/14/2022,CDTX,0.5086,0.29%,43.53%,0.001467426,0.2214,0.2214
7472,8/21/2019,PTNR,4.29,0.13%,5.13%,0.00574913,0.22,0.22
4525,10/28/2019,ODFL,123.596,0.24%,0.17%,0.301940393,0.215,0.215
7480,9/3/2019,PTNR,4.24,0.17%,4.95%,0.007316881,0.21,0.21
294,5/9/2019,BTAI,10.81,0.29%,1.94%,0.031451741,0.21,0.21
6360,12/6/2021,PBH,58.28,0.23%,0.34%,0.131539452,0.2,0.2
7971,8/13/2021,PTNR,4.3,0.39%,4.65%,0.01670858,0.2,0.2
1526,12/31/2018,CDTX,2.35,0.28%,8.51%,0.006614041,0.2,0.2
7494,9/23/2019,PTNR,4.235,0.21%,4.60%,0.008836766,0.195,0.195
8165,5/20/2022,PTNR,7.02,0.24%,2.71%,0.016842471,0.19,0.19
5957,5/1/2020,PBH,40.05,0.27%,0.45%,0.109939204,0.18,0.18
7491,9/18/2019,PTNR,4.3,0.21%,3.80%,0.008972395,0.1636,0.1636
3737,7/14/2022,CSR,77.7883,0.17%,0.20%,0.133733249,0.1582,0.1582
1335,3/28/2018,CDTX,4,0.24%,3.75%,0.009699999,0.15,0.15
1208,9/25/2017,CDTX,7.85,0.26%,1.91%,0.020772128,0.15,0.15
3533,9/21/2021,CSR,95.4022,0.45%,0.15%,0.432874556,0.1437,0.1437
2317,2/18/2022,CDTX,0.77,0.29%,18.18%,0.002215907,0.14,0.14
7271,10/31/2018,PTNR,4.8706,0.28%,2.86%,0.013743726,0.1394,0.1394
9135,2/7/2019,VRNT,25.8227,0.34%,0.51%,0.088346034,0.1325,0.1325
7975,8/19/2021,PTNR,4.42,0.25%,2.71%,0.011181857,0.12,0.12
2008,11/27/2020,CDTX,2.33,0.29%,5.15%,0.006674397,0.12,0.12
2239,10/28/2021,CDTX,1.55,0.30%,7.74%,0.004677047,0.12,0.12
1911,7/13/2020,CDTX,3.5,0.28%,3.43%,0.009760046,0.12,0.12
9070,11/1/2018,VRNT,23.4488,0.29%,0.48%,0.069072115,0.1121,0.1121
5571,10/17/2018,PBH,38.82,0.32%,0.28%,0.123603229,0.11,0.11
5539,8/31/2018,PBH,38.5,0.31%,0.26%,0.119843108,0.1,0.1
7275,11/6/2018,PTNR,4.95,0.23%,2.02%,0.011579191,0.1,0.1
1415,7/23/2018,CDTX,4.5,0.30%,2.22%,0.013290147,0.1,0.1
1951,9/8/2020,CDTX,2.9,0.29%,3.10%,0.008307189,0.09,0.09
7887,4/15/2021,PTNR,4.53,0.34%,1.99%,0.015415,0.09,0.09
2431,8/4/2022,CDTX,0.7199,0.23%,11.93%,0.001691386,0.0859,0.0859
7641,4/23/2020,PTNR,3.82,0.19%,2.09%,0.007206008,0.08,0.08
9452,5/12/2020,VRNT,21.8339,0.35%,0.35%,0.075502674,0.0764,0.0764
318,6/13/2019,BTAI,10.925,0.26%,0.69%,0.028878803,0.075,0.075
6560,3/23/2021,PGRW,9.65,0.32%,0.73%,0.030415459,0.07,0.07
2374,5/12/2022,CDTX,0.46,0.13%,15.22%,0.000581211,0.07,0.07
7533,11/15/2019,PTNR,4.3,0.20%,1.40%,0.008752949,0.06,0.06
7180,6/22/2018,PTNR,3.64,0.26%,1.65%,0.009322253,0.06,0.06
7711,8/3/2020,PTNR,3.95,0.28%,1.52%,0.011205499,0.06,0.06
6892,7/18/2022,PGRW,9.89,0.16%,0.61%,0.015457292,0.06,0.06
7738,9/10/2020,PTNR,3.838,0.22%,1.35%,0.008421951,0.052,0.052
8748,7/25/2017,VRNT,20.0458,0.31%,0.25%,0.061369072,0.051,0.051
1416,7/24/2018,CDTX,4.35,0.30%,1.15%,0.013172427,0.05,0.05
6628,6/29/2021,PGRW,9.7,0.21%,0.52%,0.020679255,0.05,0.05
1431,8/14/2018,CDTX,4.4,0.25%,1.14%,0.011108503,0.05,0.05
7881,4/7/2021,PTNR,4.66,0.33%,1.07%,0.015497235,0.05,0.05
2529,9/25/2017,CSR,48.3576,0.21%,0.10%,0.102226951,0.0496,0.0496
3835,3/18/2022,KACLR,0.1532,0.26%,29.83%,0.000403474,0.0457,0.0457
1883,6/2/2020,CDTX,3.71,0.32%,1.21%,0.011895061,0.045,0.045
6627,6/28/2021,PGRW,9.7,0.21%,0.41%,0.020679255,0.04,0.04
6754,12/28/2021,PGRW,9.74,0.16%,0.41%,0.015953199,0.04,0.04
6859,5/27/2022,PGRW,9.865,0.29%,0.35%,0.028415057,0.035,0.035
6725,11/15/2021,PGRW,9.79,0.14%,0.31%,0.013246394,0.03,0.03
6699,10/8/2021,PGRW,9.77,0.17%,0.31%,0.016315287,0.03,0.03
6626,6/25/2021,PGRW,9.7,0.18%,0.21%,0.017347556,0.02,0.02
6862,6/2/2022,PGRW,9.87,0.27%,0.20%,0.026697787,0.02,0.02
6747,12/16/2021,PGRW,9.77,0.16%,0.20%,0.015812359,0.02,0.02
6750,12/21/2021,PGRW,9.77,0.16%,0.20%,0.015442648,0.02,0.02
6787,2/14/2022,PGRW,9.81,0.13%,0.20%,0.013050006,0.02,0.02
2422,7/22/2022,CDTX,0.6898,0.26%,2.20%,0.001825952,0.0152,0.0152
6830,4/18/2022,PGRW,9.85,0.22%,0.10%,0.0218046,0.01,0.01
6653,8/4/2021,PGRW,9.75,0.14%,0.10%,0.013340127,0.01,0.01
6846,5/10/2022,PGRW,9.86,0.43%,0.10%,0.042234058,0.01,0.01
6845,5/9/2022,PGRW,9.86,0.21%,0.10%,0.020914969,0.01,0.01
7243,9/21/2018,PTNR,5.05,0.28%,0.20%,0.014249952,0.01,0.01
6702,10/13/2021,PGRW,9.78,0.12%,0.10%,0.011421287,0.01,0.01
6624,6/23/2021,PGRW,9.74,0.18%,0.10%,0.017419092,0.01,0.01
6840,5/2/2022,PGRW,9.87,0.17%,0.05%,0.017158472,0.005,0.005
2379,5/19/2022,CDTX,0.4749,0.13%,0.23%,0.000627927,0.0011,0.0011
5797,9/12/2019,PBH,35.32,0.29%,-0.03%,0.104080075,-0.01,-0.01
2118,5/7/2021,CDTX,2.01,0.23%,-0.50%,0.004609074,-0.01,-0.01
6720,11/8/2021,PGRW,9.79,0.11%,-0.20%,0.010758581,-0.02,-0.02
6570,4/7/2021,PGRW,9.75,0.12%,-0.21%,0.012128818,-0.02,-0.02
6693,9/30/2021,PGRW,9.81,0.17%,-0.20%,0.016661605,-0.02,-0.02
3803,2/1/2022,KACLR,0.1801,0.31%,-16.32%,0.000561952,-0.0294,-0.0294
1565,2/27/2019,CDTX,2.88,0.18%,-1.04%,0.005232983,-0.03,-0.03
1457,9/20/2018,CDTX,4.15,0.26%,-0.72%,0.010980826,-0.03,-0.03
1897,6/22/2020,CDTX,3.93,0.32%,-1.02%,0.012600428,-0.04,-0.04
6598,5/17/2021,PGRW,9.74,0.15%,-0.41%,0.015001931,-0.04,-0.04
3878,5/19/2022,KACLR,0.12,0.34%,-37.42%,0.000402763,-0.0449,-0.0449
6723,11/11/2021,PGRW,9.79,0.18%,-0.46%,0.018014926,-0.045,-0.045
3808,2/8/2022,KACLR,0.205,0.32%,-21.95%,0.000648286,-0.045,-0.045
7442,7/10/2019,PTNR,4.3357,0.27%,-1.05%,0.011741289,-0.0457,-0.0457
6724,11/12/2021,PGRW,9.79,0.16%,-0.51%,0.016035094,-0.05,-0.05
3848,4/6/2022,KACLR,0.17,0.32%,-29.41%,0.000547437,-0.05,-0.05
2107,4/22/2021,CDTX,2.18,0.30%,-2.29%,0.006628375,-0.05,-0.05
58,5/31/2018,BTAI,10.99,0.35%,-0.45%,0.038984038,-0.05,-0.05
8848,12/14/2017,VRNT,21.243,0.34%,-0.24%,0.072846428,-0.0509,-0.0509
3806,2/4/2022,KACLR,0.205,0.26%,-25.27%,0.000539962,-0.0518,-0.0518
2301,1/27/2022,CDTX,0.7746,0.24%,-7.00%,0.00182112,-0.0542,-0.0542
9239,7/9/2019,VRNT,27.6363,0.33%,-0.20%,0.092414322,-0.0561,-0.0561
6465,5/6/2022,PBH,54.88,0.23%,-0.11%,0.125735277,-0.06,-0.06
2446,8/25/2022,CDTX,0.7,0.29%,-9.10%,0.00201622,-0.0637,-0.0637
9889,2/3/2022,VRNT,51.08,0.26%,-0.14%,0.132652717,-0.07,-0.07
2044,1/21/2021,CDTX,2.38,0.20%,-2.94%,0.004780109,-0.07,-0.07
2235,10/22/2021,CDTX,1.56,0.25%,-4.49%,0.003941219,-0.07,-0.07
1900,6/25/2020,CDTX,3.97,0.33%,-1.76%,0.013005504,-0.07,-0.07
2582,12/8/2017,CSR,47.9976,0.25%,-0.15%,0.118523224,-0.0718,-0.0718
8885,2/8/2018,VRNT,19.3072,0.27%,-0.40%,0.051241357,-0.0764,-0.0764
7320,1/14/2019,PTNR,4.45,0.31%,-1.80%,0.013834807,-0.08,-0.08
6579,4/20/2021,PGRW,9.81,0.15%,-0.82%,0.015109748,-0.08,-0.08
3865,5/2/2022,KACLR,0.1989,0.30%,-49.72%,0.000596183,-0.0989,-0.0989
883,9/9/2021,BTAI,29.81,0.25%,-0.34%,0.073359846,-0.1,-0.1
8551,11/29/2021,SLN,23,0.30%,-0.43%,0.070022746,-0.1,-0.1
2765,8/31/2018,CSR,46.403,0.19%,-0.23%,0.087490026,-0.1066,-0.1066
6573,4/12/2021,PGRW,9.84,0.15%,-1.12%,0.014640648,-0.11,-0.11
2045,1/22/2021,CDTX,2.51,0.29%,-4.38%,0.007353201,-0.11,-0.11
7699,7/16/2020,PTNR,4.23,0.19%,-2.60%,0.007857175,-0.11,-0.11
1705,9/17/2019,CDTX,2.06,0.27%,-5.34%,0.005572454,-0.11,-0.11
7987,9/7/2021,PTNR,4.35,0.30%,-2.76%,0.013036093,-0.12,-0.12
1535,1/14/2019,CDTX,3,0.22%,-4.00%,0.006678105,-0.12,-0.12
7238,9/14/2018,PTNR,4.6928,0.24%,-2.62%,0.011272325,-0.1228,-0.1228
2112,4/29/2021,CDTX,2.29,0.22%,-5.68%,0.005036024,-0.13,-0.13
1582,3/22/2019,CDTX,2.55,0.21%,-5.10%,0.005290307,-0.13,-0.13
7710,7/31/2020,PTNR,3.99,0.24%,-3.26%,0.009547719,-0.13,-0.13
2372,5/10/2022,CDTX,0.6877,0.33%,-19.31%,0.002249666,-0.1328,-0.1328
7943,7/6/2021,PTNR,4.52,0.30%,-2.99%,0.01354555,-0.135,-0.135
1882,6/1/2020,CDTX,3.69,0.32%,-3.79%,0.011830936,-0.14,-0.14
266,3/29/2019,BTAI,9.89,0.27%,-1.42%,0.02682832,-0.14,-0.14
7350,2/27/2019,PTNR,4.37,0.36%,-3.32%,0.015649175,-0.1453,-0.1453
2101,4/14/2021,CDTX,2.16,0.23%,-6.94%,0.004953035,-0.15,-0.15
7159,5/23/2018,PTNR,3.88,0.27%,-4.12%,0.010409214,-0.16,-0.16
1581,3/21/2019,CDTX,2.61,0.21%,-6.51%,0.005414785,-0.17,-0.17
7387,4/22/2019,PTNR,4.385,0.24%,-3.99%,0.010643947,-0.1749,-0.1749
8884,2/7/2018,VRNT,19.8421,0.27%,-0.90%,0.052660983,-0.1783,-0.1783
6940,7/11/2017,PTNR,4.92,0.20%,-3.66%,0.009696279,-0.18,-0.18
5405,2/21/2018,PBH,34.36,0.28%,-0.55%,0.095979753,-0.19,-0.19
1447,9/6/2018,CDTX,4.15,0.30%,-4.58%,0.012557684,-0.19,-0.19
7913,5/21/2021,PTNR,4.71,0.17%,-4.03%,0.007830467,-0.19,-0.19
1583,3/25/2019,CDTX,2.49,0.21%,-7.63%,0.0053499,-0.19,-0.19
6985,9/13/2017,PTNR,5.32,0.22%,-3.57%,0.011903398,-0.19,-0.19
5654,2/19/2019,PBH,28.64,0.33%,-0.66%,0.095142911,-0.19,-0.19
1243,11/13/2017,CDTX,7.55,0.32%,-2.65%,0.023946783,-0.2,-0.2
2053,2/3/2021,CDTX,2.61,0.28%,-7.66%,0.007226678,-0.2,-0.2
2073,3/4/2021,CDTX,2.34,0.21%,-8.55%,0.004801483,-0.2,-0.2
4348,2/14/2019,ODFL,95.2291,0.19%,-0.22%,0.176339638,-0.205,-0.205
7324,1/18/2019,PTNR,4.56,0.22%,-4.60%,0.010258983,-0.2099,-0.2099
1570,3/6/2019,CDTX,2.63,0.22%,-7.98%,0.005835604,-0.21,-0.21
2058,2/10/2021,CDTX,2.58,0.29%,-8.53%,0.007501175,-0.22,-0.22
4072,1/9/2018,ODFL,91.4537,0.26%,-0.24%,0.241202019,-0.223,-0.223
8091,2/3/2022,PTNR,8.29,0.24%,-2.77%,0.019845472,-0.23,-0.23
6945,7/18/2017,PTNR,5.2,0.19%,-4.62%,0.009994934,-0.24,-0.24
7687,6/29/2020,PTNR,4.19,0.30%,-5.73%,0.012569255,-0.24,-0.24
1157,7/13/2017,CDTX,7.25,0.32%,-3.45%,0.022995256,-0.25,-0.25
5635,1/22/2019,PBH,27.49,0.33%,-0.95%,0.091157893,-0.26,-0.26
1647,6/25/2019,CDTX,1.6,0.20%,-16.87%,0.00319166,-0.27,-0.27
2060,2/12/2021,CDTX,2.55,0.30%,-10.59%,0.007584974,-0.27,-0.27
7255,10/9/2018,PTNR,5.21,0.28%,-5.18%,0.014701435,-0.27,-0.27
7940,6/30/2021,PTNR,4.59,0.30%,-5.88%,0.013860017,-0.27,-0.27
2003,11/19/2020,CDTX,2.49,0.25%,-10.84%,0.006235983,-0.27,-0.27
1465,10/2/2018,CDTX,4.15,0.30%,-6.51%,0.012557684,-0.27,-0.27
1334,3/27/2018,CDTX,4.3,0.24%,-6.40%,0.010427499,-0.275,-0.275
9029,9/5/2018,VRNT,24.0448,0.29%,-1.14%,0.070173378,-0.2751,-0.2751
6937,7/6/2017,PTNR,5.0182,0.19%,-5.54%,0.009562913,-0.2782,-0.2782
7430,6/21/2019,PTNR,4.19,0.19%,-6.68%,0.008036067,-0.2799,-0.2799
2222,10/5/2021,CDTX,1.96,0.30%,-14.29%,0.005914202,-0.28,-0.28
8505,9/23/2021,SLN,22.18,0.30%,-1.26%,0.065831149,-0.28,-0.28
2550,10/24/2017,CSR,48.9372,0.24%,-0.58%,0.117686019,-0.2843,-0.2843
7423,6/12/2019,PTNR,4.34,0.23%,-6.68%,0.010016167,-0.29,-0.29
232,2/8/2019,BTAI,9.6,0.20%,-3.12%,0.019441788,-0.3,-0.3
1279,1/5/2018,CDTX,7,0.29%,-4.29%,0.020242635,-0.3,-0.3
973,1/18/2022,BTAI,18,0.25%,-1.67%,0.045494608,-0.3,-0.3
1697,9/5/2019,CDTX,2.23,0.17%,-13.90%,0.003873678,-0.31,-0.31
2096,4/7/2021,CDTX,2.3,0.22%,-13.48%,0.004967886,-0.31,-0.31
2291,1/12/2022,CDTX,1.02,0.30%,-30.99%,0.003065552,-0.3161,-0.3161
2152,6/25/2021,CDTX,1.99,0.20%,-16.08%,0.003924048,-0.32,-0.32
8438,6/18/2021,SLN,25.92,0.32%,-1.23%,0.082419846,-0.32,-0.32
7516,10/23/2019,PTNR,4.55,0.25%,-7.09%,0.011431775,-0.3228,-0.3228
7540,11/26/2019,PTNR,4.3629,0.20%,-7.40%,0.008836149,-0.3229,-0.3229
7304,12/19/2018,PTNR,5.03,0.28%,-6.56%,0.013857794,-0.33,-0.33
1448,9/7/2018,CDTX,4.25,0.31%,-7.88%,0.013172009,-0.335,-0.335
2229,10/14/2021,CDTX,1.81,0.31%,-18.78%,0.005636766,-0.34,-0.34
1502,11/23/2018,CDTX,3.37,0.26%,-10.39%,0.008602119,-0.35,-0.35
2357,4/19/2022,CDTX,0.81,0.39%,-43.23%,0.003124623,-0.3502,-0.3502
8887,2/12/2018,VRNT,19.5364,0.32%,-1.83%,0.06189237,-0.3566,-0.3566
8794,9/28/2017,VRNT,21.5232,0.20%,-1.66%,0.043897068,-0.3566,-0.3566
7322,1/16/2019,PTNR,4.66,0.31%,-8.37%,0.014487686,-0.39,-0.39
3356,1/7/2021,CSR,67.2504,0.27%,-0.59%,0.183178738,-0.3955,-0.3955
1408,7/12/2018,CDTX,4.85,0.30%,-8.25%,0.014686263,-0.4,-0.4
1503,11/26/2018,CDTX,3.37,0.26%,-11.87%,0.008602119,-0.4,-0.4
6939,7/10/2017,PTNR,5.14,0.20%,-7.78%,0.010084107,-0.4,-0.4
1270,12/21/2017,CDTX,7.15,0.32%,-5.59%,0.02267808,-0.4,-0.4
1450,9/11/2018,CDTX,4.2,0.26%,-9.52%,0.011113125,-0.4,-0.4
6983,9/11/2017,PTNR,5.49,0.22%,-7.47%,0.01228377,-0.41,-0.41
7731,8/31/2020,PTNR,4.29,0.23%,-9.79%,0.009915776,-0.42,-0.42
7129,4/11/2018,PTNR,4.302,0.24%,-9.81%,0.010235469,-0.422,-0.422
1261,12/8/2017,CDTX,7.65,0.32%,-5.56%,0.024263962,-0.425,-0.425
1511,12/7/2018,CDTX,3.33,0.26%,-12.91%,0.008798021,-0.43,-0.43
7412,5/28/2019,PTNR,4.77,0.20%,-9.10%,0.009426526,-0.4343,-0.4343
1481,10/24/2018,CDTX,3.77,0.35%,-11.67%,0.013302799,-0.44,-0.44
7283,11/16/2018,PTNR,4.83,0.30%,-9.11%,0.014258731,-0.44,-0.44
1957,9/16/2020,CDTX,3.23,0.21%,-13.93%,0.006640489,-0.45,-0.45
7141,4/27/2018,PTNR,4.3721,0.29%,-10.34%,0.01262204,-0.4521,-0.4521
7720,8/14/2020,PTNR,4.2864,0.29%,-10.65%,0.01232917,-0.4564,-0.4564
1695,9/3/2019,CDTX,2.35,0.36%,-19.57%,0.008467136,-0.46,-0.46
7400,5/9/2019,PTNR,4.66,0.16%,-10.09%,0.007364736,-0.47,-0.47
9899,2/17/2022,VRNT,52.21,0.22%,-0.90%,0.115022494,-0.47,-0.47
2518,9/8/2017,CSR,50.5668,0.32%,-0.93%,0.16363819,-0.4704,-0.4704
7102,3/2/2018,PTNR,5.08,0.19%,-9.65%,0.009753018,-0.49,-0.49
7089,2/12/2018,PTNR,5.1,0.26%,-9.80%,0.013036681,-0.5,-0.5
1454,9/17/2018,CDTX,4.3,0.30%,-11.86%,0.013011576,-0.51,-0.51
7677,6/15/2020,PTNR,4.51,0.26%,-11.31%,0.01175776,-0.51,-0.51
7088,2/9/2018,PTNR,5.133,0.25%,-9.99%,0.01293153,-0.513,-0.513
2776,9/18/2018,CSR,47.7621,0.32%,-1.08%,0.153711849,-0.5173,-0.5173
9475,6/15/2020,VRNT,22.4045,0.39%,-2.32%,0.088186576,-0.5196,-0.5196
1959,9/18/2020,CDTX,3.13,0.25%,-16.61%,0.00783758,-0.52,-0.52
6038,8/26/2020,PBH,37.06,0.33%,-1.40%,0.122191549,-0.52,-0.52
1271,12/22/2017,CDTX,7.2,0.32%,-7.29%,0.022836668,-0.525,-0.525
7675,6/11/2020,PTNR,4.27,0.19%,-12.41%,0.008282275,-0.53,-0.53
5638,1/25/2019,PBH,27.32,0.33%,-1.94%,0.090594166,-0.53,-0.53
113,8/17/2018,BTAI,8.14,0.33%,-6.51%,0.027063701,-0.53,-0.53
7802,12/10/2020,PTNR,5.3,0.27%,-10.00%,0.014060205,-0.53,-0.53
5255,7/18/2017,PBH,51.39,0.26%,-1.03%,0.135840143,-0.53,-0.53
2277,12/22/2021,CDTX,1.37,0.29%,-38.76%,0.003993,-0.531,-0.531
7145,5/3/2018,PTNR,4.14,0.28%,-13.04%,0.011568998,-0.54,-0.54
1999,11/13/2020,CDTX,2.54,0.17%,-21.26%,0.004386561,-0.54,-0.54
1260,12/7/2017,CDTX,7.9,0.32%,-6.96%,0.025056899,-0.55,-0.55
7803,12/11/2020,PTNR,5.31,0.27%,-10.73%,0.014086734,-0.57,-0.57
2220,10/1/2021,CDTX,2.18,0.33%,-26.15%,0.007174043,-0.57,-0.57
2001,11/17/2020,CDTX,2.57,0.23%,-22.18%,0.005809643,-0.57,-0.57
2488,7/27/2017,CSR,51.1395,0.31%,-1.12%,0.159187445,-0.5727,-0.5727
9055,10/11/2018,VRNT,22.593,0.33%,-2.59%,0.074215145,-0.5859,-0.5859
5252,7/13/2017,PBH,51.18,0.31%,-1.15%,0.156480445,-0.59,-0.59
7819,1/6/2021,PTNR,5.19,0.32%,-11.37%,0.01643886,-0.59,-0.59
7303,12/18/2018,PTNR,4.99,0.28%,-12.02%,0.013747593,-0.6,-0.6
1445,9/4/2018,CDTX,4.6,0.28%,-13.04%,0.013014087,-0.6,-0.6
1258,12/5/2017,CDTX,7.9,0.32%,-7.59%,0.025056899,-0.6,-0.6
7816,12/31/2020,PTNR,5.35,0.34%,-11.31%,0.018167995,-0.605,-0.605
1507,11/30/2018,CDTX,3.64,0.28%,-16.76%,0.010298104,-0.61,-0.61
9079,11/14/2018,VRNT,22.1651,0.24%,-2.76%,0.052705314,-0.6114,-0.6114
8079,1/18/2022,PTNR,8.65,0.29%,-7.28%,0.0249261,-0.63,-0.63
4583,1/22/2020,ODFL,133.9,0.11%,-0.50%,0.153499064,-0.668,-0.668
286,4/29/2019,BTAI,11.5,0.26%,-6.00%,0.029562878,-0.69,-0.69
2911,4/3/2019,CSR,53.1161,0.31%,-1.30%,0.166615985,-0.6903,-0.6903
1158,7/14/2017,CDTX,7.7,0.27%,-9.09%,0.021033642,-0.7,-0.7
1284,1/12/2018,CDTX,7.55,0.25%,-9.27%,0.019086898,-0.7,-0.7
6015,7/24/2020,PBH,37.55,0.23%,-1.89%,0.087903994,-0.71,-0.71
7602,2/27/2020,PTNR,4.8,0.29%,-14.79%,0.013804721,-0.71,-0.71
6366,12/14/2021,PBH,57.32,0.22%,-1.27%,0.125565909,-0.73,-0.73
5291,9/7/2017,PBH,48.69,0.35%,-1.50%,0.172724878,-0.73,-0.73
343,7/19/2019,BTAI,10.54,0.28%,-6.93%,0.02947966,-0.73,-0.73
7810,12/22/2020,PTNR,5.23,0.32%,-14.24%,0.016476958,-0.745,-0.745
7405,5/16/2019,PTNR,4.95,0.23%,-15.15%,0.011209452,-0.75,-0.75
7855,3/1/2021,PTNR,5.24,0.20%,-14.31%,0.010593944,-0.75,-0.75
9235,7/2/2019,VRNT,27.8604,0.33%,-2.78%,0.093163701,-0.7743,-0.7743
8491,9/2/2021,SLN,22.6,0.26%,-3.45%,0.059743841,-0.78,-0.78
6042,9/1/2020,PBH,36.55,0.36%,-2.19%,0.133320767,-0.8,-0.8
8612,2/25/2022,SLN,18.3,0.30%,-4.37%,0.054142838,-0.8,-0.8
1600,4/17/2019,CDTX,2.42,0.18%,-33.47%,0.004347148,-0.81,-0.81
1092,7/11/2022,BTAI,15.1,0.34%,-5.36%,0.050627525,-0.81,-0.81
1982,10/21/2020,CDTX,2.98,0.21%,-28.19%,0.006118824,-0.84,-0.84
1283,1/11/2018,CDTX,7.6,0.26%,-11.18%,0.019664501,-0.85,-0.85
3404,3/18/2021,CSR,67.806,0.26%,-1.26%,0.177454533,-0.8571,-0.8571
2531,9/27/2017,CSR,49.1028,0.29%,-1.75%,0.143288835,-0.8595,-0.8595
7601,2/26/2020,PTNR,4.8598,0.30%,-17.69%,0.014338245,-0.8598,-0.8598
8545,11/18/2021,SLN,24.75,0.25%,-3.47%,0.061901557,-0.86,-0.86
6063,10/1/2020,PBH,36.11,0.39%,-2.41%,0.139462933,-0.87,-0.87
3512,8/20/2021,CSR,95.5078,0.26%,-0.91%,0.244700095,-0.8706,-0.8706
2571,11/22/2017,CSR,48.8167,0.27%,-1.82%,0.13209428,-0.8909,-0.8909
8874,1/24/2018,VRNT,21.7524,0.29%,-4.10%,0.063308268,-0.8915,-0.8915
1917,7/21/2020,CDTX,3.94,0.21%,-22.84%,0.008193065,-0.9,-0.9
1965,9/28/2020,CDTX,2.89,0.29%,-31.14%,0.008278544,-0.9,-0.9
2922,4/18/2019,CSR,51.8229,0.31%,-1.77%,0.158590926,-0.9175,-0.9175
7094,2/20/2018,PTNR,5.13,0.26%,-18.13%,0.013161141,-0.93,-0.93
3230,7/9/2020,CSR,64.332,0.26%,-1.46%,0.165019107,-0.9411,-0.9411
361,8/14/2019,BTAI,8.47,0.27%,-11.45%,0.022951276,-0.97,-0.97
9246,7/18/2019,VRNT,28.2985,0.33%,-3.53%,0.093141898,-0.9984,-0.9984
5530,8/20/2018,PBH,38.9,0.24%,-2.57%,0.094547563,-1,-1
5915,3/3/2020,PBH,38.47,0.38%,-2.63%,0.146478476,-1.01,-1.01
5762,7/24/2019,PBH,33.32,0.27%,-3.06%,0.089895641,-1.02,-1.02
3267,8/31/2020,CSR,65.5959,0.31%,-1.57%,0.203814464,-1.0286,-1.0286
6069,10/9/2020,PBH,37.16,0.43%,-2.77%,0.161003764,-1.03,-1.03
1937,8/18/2020,CDTX,3.88,0.28%,-26.55%,0.010819709,-1.03,-1.03
6173,3/11/2021,PBH,45.86,0.22%,-2.29%,0.101164835,-1.05,-1.05
339,7/15/2019,BTAI,10.34,0.27%,-10.15%,0.028197854,-1.05,-1.05
8696,6/28/2022,SLN,11.09,0.34%,-9.47%,0.037465868,-1.05,-1.05
7342,2/14/2019,PTNR,4.79,0.36%,-21.92%,0.017153215,-1.05,-1.05
7077,1/25/2018,PTNR,6.02,0.27%,-17.61%,0.016123265,-1.06,-1.06
2480,7/17/2017,CSR,51.4668,0.30%,-2.07%,0.155626437,-1.0637,-1.0637
9887,2/1/2022,VRNT,51.62,0.22%,-2.09%,0.111118683,-1.08,-1.08
8865,1/10/2018,VRNT,21.4213,0.29%,-5.11%,0.062344633,-1.0953,-1.0953
8589,1/24/2022,SLN,18.2,0.29%,-6.04%,0.051871208,-1.1,-1.1
7058,12/27/2017,PTNR,6.24,0.22%,-17.74%,0.01396188,-1.107,-1.107
9870,1/6/2022,VRNT,52.06,0.12%,-2.13%,0.062666892,-1.11,-1.11
9247,7/19/2019,VRNT,28.2629,0.38%,-3.95%,0.106194893,-1.1157,-1.1157
118,8/24/2018,BTAI,7.9732,0.35%,-14.09%,0.027669695,-1.1232,-1.1232
1486,10/31/2018,CDTX,3.93,0.24%,-29.26%,0.00929376,-1.15,-1.15
9243,7/15/2019,VRNT,28.2883,0.33%,-4.09%,0.094594576,-1.1564,-1.1564
9045,9/27/2018,VRNT,25.3184,0.30%,-4.57%,0.07564867,-1.1564,-1.1564
8089,2/1/2022,PTNR,9.07,0.28%,-12.79%,0.025389841,-1.16,-1.16
7584,1/31/2020,PTNR,4.4,0.23%,-26.37%,0.010079975,-1.1601,-1.1601
44,5/10/2018,BTAI,9.93,0.36%,-11.78%,0.035947077,-1.17,-1.17
2909,4/1/2019,CSR,53.3083,0.28%,-2.21%,0.147057572,-1.1796,-1.1796
1497,11/15/2018,CDTX,3.88,0.31%,-30.41%,0.012025269,-1.18,-1.18
3111,1/17/2020,CSR,66.359,0.21%,-1.79%,0.13683835,-1.1897,-1.1897
6062,9/30/2020,PBH,36.42,0.22%,-3.27%,0.080919752,-1.19,-1.19
4164,5/22/2018,ODFL,97.322,0.18%,-1.23%,0.176801724,-1.199,-1.199
8740,7/13/2017,VRNT,20.7336,0.31%,-5.90%,0.064488311,-1.2226,-1.2226
148,10/8/2018,BTAI,6.85,0.29%,-18.03%,0.019805523,-1.235,-1.235
6037,8/25/2020,PBH,37.54,0.33%,-3.33%,0.12377417,-1.25,-1.25
8138,4/12/2022,PTNR,8,0.18%,-15.63%,0.014323331,-1.25,-1.25
9703,5/11/2021,VRNT,46.28,0.34%,-2.70%,0.159129254,-1.25,-1.25
4529,11/1/2019,ODFL,124.091,0.22%,-1.03%,0.276621349,-1.277,-1.277
6018,7/29/2020,PBH,37.79,0.28%,-3.47%,0.107311432,-1.31,-1.31
6337,11/2/2021,PBH,60.33,0.19%,-2.22%,0.113978103,-1.34,-1.34
5553,9/21/2018,PBH,39.07,0.22%,-3.43%,0.085477307,-1.34,-1.34
2708,6/12/2018,CSR,47.8535,0.31%,-2.85%,0.150299651,-1.3654,-1.3654
7068,1/11/2018,PTNR,6.56,0.18%,-21.06%,0.011923181,-1.3817,-1.3817
100,7/31/2018,BTAI,10.05,0.35%,-13.83%,0.034874447,-1.39,-1.39
7587,2/5/2020,PTNR,4.9,0.24%,-28.37%,0.011669529,-1.39,-1.39
8610,2/23/2022,SLN,19.4,0.30%,-7.27%,0.057397325,-1.41,-1.41
6328,10/20/2021,PBH,59.04,0.26%,-2.46%,0.155344466,-1.45,-1.45
9685,4/15/2021,VRNT,47.48,0.09%,-3.16%,0.043846816,-1.5,-1.5
1396,6/25/2018,CDTX,5.2,0.30%,-28.85%,0.015746097,-1.5,-1.5
4477,8/20/2019,ODFL,108.21,0.22%,-1.40%,0.239659006,-1.514,-1.514
9211,5/29/2019,VRNT,29.2715,0.29%,-5.19%,0.084411231,-1.5181,-1.5181
9461,5/26/2020,VRNT,23.8105,0.53%,-6.40%,0.127030684,-1.5232,-1.5232
1797,1/29/2020,CDTX,3.67,0.34%,-42.23%,0.012449247,-1.55,-1.55
4351,2/20/2019,ODFL,100.245,0.14%,-1.56%,0.142569231,-1.5684,-1.5684
613,8/13/2020,BTAI,44.71,0.26%,-3.51%,0.11526855,-1.57,-1.57
6329,10/21/2021,PBH,59.33,0.24%,-2.66%,0.141719376,-1.58,-1.58
8574,12/31/2021,SLN,23.89,0.24%,-6.70%,0.056357413,-1.6,-1.6
396,10/3/2019,BTAI,5.97,0.21%,-26.97%,0.012715807,-1.61,-1.61
9690,4/22/2021,VRNT,47.8,0.10%,-3.41%,0.046504498,-1.63,-1.63
8864,1/9/2018,VRNT,21.6505,0.29%,-7.53%,0.063011697,-1.6301,-1.6301
3392,3/2/2021,CSR,65.6497,0.34%,-2.53%,0.226479123,-1.6588,-1.6588
9374,1/21/2020,VRNT,29.6434,0.38%,-5.60%,0.111905554,-1.6607,-1.6607
119,8/27/2018,BTAI,8.45,0.35%,-20.00%,0.029938139,-1.69,-1.69
5265,8/1/2017,PBH,52.67,0.26%,-3.27%,0.138679162,-1.72,-1.72
8255,9/25/2020,SLN,17.5,0.24%,-9.94%,0.041943113,-1.74,-1.74
2910,4/2/2019,CSR,53.5442,0.28%,-3.26%,0.151495978,-1.7475,-1.7475
7596,2/19/2020,PTNR,5.06,0.24%,-34.78%,0.012050575,-1.76,-1.76
4542,11/20/2019,ODFL,126.063,0.22%,-1.41%,0.281017295,-1.777,-1.777
1122,8/22/2022,BTAI,14.29,0.28%,-12.81%,0.040346185,-1.83,-1.83
8450,7/7/2021,SLN,26.5,0.34%,-6.92%,0.08994767,-1.835,-1.835
6341,11/8/2021,PBH,62.88,0.21%,-2.93%,0.134089745,-1.84,-1.84
3318,11/11/2020,CSR,68.6138,0.25%,-2.69%,0.169976075,-1.8461,-1.8461
9688,4/20/2021,VRNT,47.86,0.09%,-3.89%,0.041867935,-1.86,-1.86
9886,1/31/2022,VRNT,51.33,0.26%,-3.64%,0.131226495,-1.87,-1.87
1012,3/15/2022,BTAI,15.06,0.21%,-12.55%,0.032287413,-1.89,-1.89
1493,11/9/2018,CDTX,4.04,0.30%,-46.78%,0.01222483,-1.89,-1.89
5406,2/22/2018,PBH,35,0.33%,-5.43%,0.116480812,-1.9,-1.9
136,9/20/2018,BTAI,7.51,0.33%,-25.43%,0.02496909,-1.91,-1.91
4265,10/15/2018,ODFL,89.1343,0.21%,-2.16%,0.190676941,-1.9263,-1.9263
8347,2/8/2021,SLN,25.45,0.32%,-7.58%,0.082656299,-1.93,-1.93
8870,1/18/2018,VRNT,21.7779,0.29%,-8.89%,0.063382483,-1.9358,-1.9358
1102,7/25/2022,BTAI,15.27,0.24%,-13.10%,0.037138854,-2,-2
8701,7/6/2022,SLN,10.6,0.25%,-18.87%,0.0265837,-2,-2
8693,6/23/2022,SLN,11.99,0.29%,-16.68%,0.035023875,-2,-2
9465,6/1/2020,VRNT,23.5762,0.34%,-8.54%,0.079254336,-2.0123,-2.0123
365,8/20/2019,BTAI,8.49,0.33%,-23.91%,0.028206403,-2.03,-2.03
9692,4/26/2021,VRNT,48.7,0.09%,-4.17%,0.044973461,-2.03,-2.03
91,7/18/2018,BTAI,11.01,0.33%,-18.62%,0.036593973,-2.05,-2.05
2774,9/14/2018,CSR,48.0207,0.24%,-4.31%,0.115442618,-2.0691,-2.0691
6502,6/30/2022,PBH,58.8,0.12%,-3.52%,0.070302556,-2.07,-2.07
1041,4/26/2022,BTAI,13.84,0.31%,-15.32%,0.043349598,-2.12,-2.12
2573,11/27/2017,CSR,48.7348,0.28%,-4.38%,0.135629991,-2.1357,-2.1357
5577,10/25/2018,PBH,36.3,0.29%,-5.92%,0.103470039,-2.15,-2.15
9047,10/1/2018,VRNT,24.9567,0.29%,-8.80%,0.073513871,-2.1956,-2.1956
8484,8/24/2021,SLN,23.3,0.24%,-9.53%,0.056840639,-2.22,-2.22
8620,3/9/2022,SLN,18.2,0.26%,-12.23%,0.047253606,-2.225,-2.225
8436,6/16/2021,SLN,27.02,0.32%,-8.36%,0.085917602,-2.26,-2.26
9184,4/18/2019,VRNT,30.866,0.31%,-7.41%,0.097201834,-2.2873,-2.2873
8435,6/15/2021,SLN,28.3126,0.32%,-8.17%,0.090027783,-2.3126,-2.3126
4163,5/21/2018,ODFL,99.1794,0.15%,-2.35%,0.149246262,-2.3273,-2.3273
5044,11/17/2021,ODFL,359.564,0.25%,-0.65%,0.90364179,-2.34,-2.34
9185,4/22/2019,VRNT,31.3754,0.31%,-7.52%,0.098806013,-2.3586,-2.3586
5964,5/12/2020,PBH,39.6,0.27%,-5.96%,0.108703932,-2.36,-2.36
9372,1/16/2020,VRNT,29.837,0.38%,-7.96%,0.112636406,-2.3739,-2.3739
6338,11/3/2021,PBH,61.41,0.19%,-3.91%,0.113948024,-2.4,-2.4
9467,6/3/2020,VRNT,24.1824,0.30%,-9.99%,0.071558727,-2.4147,-2.4147
8417,5/19/2021,SLN,26.73,0.32%,-9.08%,0.084995466,-2.4276,-2.4276
672,11/5/2020,BTAI,53.69,0.18%,-4.53%,0.095360581,-2.43,-2.43
8569,12/23/2021,SLN,23.4,0.24%,-10.41%,0.056359883,-2.435,-2.435
8564,12/16/2021,SLN,23.44,0.23%,-10.41%,0.053752238,-2.44,-2.44
969,1/11/2022,BTAI,20.6,0.25%,-11.84%,0.052066051,-2.44,-2.44
8369,3/11/2021,SLN,24.7848,0.33%,-9.86%,0.082492187,-2.4446,-2.4446
6380,1/4/2022,PBH,61.88,0.26%,-3.98%,0.158252512,-2.46,-2.46
5886,1/21/2020,PBH,41.74,0.23%,-5.94%,0.096500438,-2.48,-2.48
9937,4/13/2022,VRNT,52.88,0.22%,-4.73%,0.117023186,-2.5,-2.5
6012,7/21/2020,PBH,39.06,0.26%,-6.43%,0.100917666,-2.51,-2.51
102,8/2/2018,BTAI,10.765,0.34%,-23.36%,0.03658907,-2.515,-2.515
6400,2/2/2022,PBH,58.44,0.23%,-4.31%,0.131900576,-2.52,-2.52
5987,6/15/2020,PBH,40.23,0.24%,-6.26%,0.097903535,-2.52,-2.52
8614,3/1/2022,SLN,19.945,0.32%,-12.71%,0.063200892,-2.535,-2.535
2495,8/7/2017,CSR,50.6486,0.34%,-5.01%,0.173765009,-2.5395,-2.5395
5409,2/27/2018,PBH,34.86,0.34%,-7.31%,0.118497395,-2.55,-2.55
9734,6/24/2021,VRNT,45.45,0.21%,-5.65%,0.093712491,-2.57,-2.57
3376,2/5/2021,CSR,67.9284,0.19%,-3.85%,0.128476386,-2.6177,-2.6177
6393,1/24/2022,PBH,58.7,0.22%,-4.50%,0.128588954,-2.64,-2.64
1318,3/5/2018,CDTX,6.75,0.32%,-39.26%,0.021409376,-2.65,-2.65
2540,10/10/2017,CSR,51.9181,0.38%,-5.18%,0.197840363,-2.6919,-2.6919
126,9/6/2018,BTAI,9.1,0.35%,-30.39%,0.031577857,-2.7656,-2.7656
8459,7/20/2021,SLN,25.96,0.28%,-11.02%,0.073834679,-2.8599,-2.8599
8697,6/29/2022,SLN,12.81,0.21%,-22.33%,0.026902526,-2.86,-2.86
2557,11/2/2017,CSR,49.5538,0.21%,-5.79%,0.10319004,-2.8667,-2.8667
504,3/10/2020,BTAI,31.78,0.22%,-9.03%,0.071277557,-2.87,-2.87
2619,2/2/2018,CSR,45.4383,0.32%,-6.35%,0.146538554,-2.8831,-2.8831
9894,2/10/2022,VRNT,53.47,0.22%,-5.40%,0.115702605,-2.89,-2.89
6377,12/30/2021,PBH,62.27,0.19%,-4.64%,0.12042668,-2.89,-2.89
6503,7/1/2022,PBH,59.58,0.19%,-5.00%,0.115456507,-2.98,-2.98
966,1/6/2022,BTAI,19.82,0.25%,-15.14%,0.048640474,-3,-3
8661,5/6/2022,SLN,12.2,0.31%,-24.59%,0.037809258,-3,-3
1114,8/10/2022,BTAI,15,0.19%,-20.33%,0.028805916,-3.05,-3.05
4191,6/29/2018,ODFL,97.8506,0.22%,-3.16%,0.212822276,-3.0874,-3.0874
2816,11/13/2018,CSR,46.8999,0.27%,-6.62%,0.127720293,-3.1036,-3.1036
9893,2/9/2022,VRNT,53.97,0.22%,-5.84%,0.116784544,-3.15,-3.15
9724,6/10/2021,VRNT,45.66,0.27%,-6.99%,0.12528773,-3.19,-3.19
4379,4/1/2019,ODFL,98.2357,0.22%,-3.34%,0.217484704,-3.2774,-3.2774
2706,6/8/2018,CSR,48.6946,0.34%,-6.80%,0.163986599,-3.3133,-3.3133
1034,4/14/2022,BTAI,15.58,0.31%,-21.37%,0.04765318,-3.33,-3.33
1094,7/13/2022,BTAI,17.89,0.17%,-18.89%,0.030351145,-3.38,-3.38
8658,5/3/2022,SLN,12.7,0.31%,-26.77%,0.039358818,-3.4,-3.4
391,9/26/2019,BTAI,7.5,0.24%,-46.00%,0.018164264,-3.45,-3.45
1320,3/7/2018,CDTX,7.35,0.31%,-47.62%,0.022775566,-3.5,-3.5
3584,12/2/2021,CSR,101.646,0.13%,-3.47%,0.135702635,-3.5239,-3.5239
603,7/30/2020,BTAI,48.47,0.19%,-7.28%,0.092294441,-3.53,-3.53
8561,12/13/2021,SLN,24.55,0.24%,-14.46%,0.057914378,-3.55,-3.55
8474,8/10/2021,SLN,25.7307,0.33%,-13.80%,0.085627491,-3.5507,-3.5507
4537,11/13/2019,ODFL,128.332,0.23%,-2.80%,0.293067784,-3.59,-3.59
5408,2/26/2018,PBH,36.25,0.34%,-9.93%,0.123222334,-3.6,-3.6
3321,11/16/2020,CSR,69.5089,0.30%,-5.22%,0.205799935,-3.627,-3.627
3948,7/13/2017,ODFL,64.958,0.27%,-5.69%,0.176505761,-3.6982,-3.6982
4082,1/24/2018,ODFL,97.2437,0.26%,-3.81%,0.256472693,-3.7088,-3.7088
1015,3/18/2022,BTAI,17.66,0.25%,-21.01%,0.044437561,-3.71,-3.71
4188,6/26/2018,ODFL,100.439,0.16%,-3.73%,0.160866457,-3.7445,-3.7445
676,11/11/2020,BTAI,56.58,0.23%,-6.63%,0.130197426,-3.75,-3.75
8597,2/3/2022,SLN,20.62,0.23%,-18.21%,0.046643294,-3.755,-3.755
1099,7/20/2022,BTAI,17.47,0.25%,-21.69%,0.044253369,-3.79,-3.79
731,2/2/2021,BTAI,50.69,0.27%,-7.54%,0.136568821,-3.82,-3.82
9718,6/2/2021,VRNT,46,0.21%,-8.54%,0.094846526,-3.93,-3.93
4533,11/7/2019,ODFL,128.247,0.19%,-3.11%,0.246001651,-3.994,-3.994
1029,4/7/2022,BTAI,17.62,0.19%,-22.99%,0.033458304,-4.05,-4.05
3121,2/3/2020,CSR,67.5036,0.29%,-6.05%,0.193146768,-4.0827,-4.0827
2717,6/25/2018,CSR,50.3196,0.34%,-8.12%,0.169459037,-4.0869,-4.0869
1036,4/19/2022,BTAI,14.93,0.20%,-27.60%,0.030122653,-4.12,-4.12
2815,11/12/2018,CSR,46.8137,0.22%,-8.84%,0.101641685,-4.1382,-4.1382
9259,8/6/2019,VRNT,27.3765,0.24%,-15.24%,0.064453734,-4.1722,-4.1722
3245,7/30/2020,CSR,66.6569,0.33%,-6.30%,0.217415391,-4.1978,-4.1978
5318,10/16/2017,PBH,47.9,0.31%,-8.83%,0.146643115,-4.23,-4.23
6372,12/22/2021,PBH,62.62,0.19%,-6.85%,0.118698627,-4.29,-4.29
4115,3/13/2018,ODFL,97.4335,0.20%,-4.47%,0.19684376,-4.3581,-4.3581
6409,2/15/2022,PBH,57.77,0.24%,-7.58%,0.13731446,-4.38,-4.38
4534,11/8/2019,ODFL,128.088,0.20%,-3.43%,0.250699047,-4.396,-4.396
3697,5/16/2022,CSR,83.9687,0.32%,-5.43%,0.271820134,-4.5582,-4.5582
5420,3/14/2018,PBH,36.44,0.22%,-12.65%,0.079224896,-4.61,-4.61
3746,7/27/2022,CSR,81.557,0.25%,-5.66%,0.205380344,-4.6194,-4.6194
9642,2/11/2021,VRNT,50.12,0.20%,-9.36%,0.100730374,-4.69,-4.69
5908,2/21/2020,PBH,42.4,0.33%,-11.44%,0.138413316,-4.85,-4.85
5316,10/12/2017,PBH,48.15,0.35%,-10.11%,0.17080926,-4.87,-4.87
9278,9/3/2019,VRNT,26.9842,0.29%,-18.14%,0.07762833,-4.8956,-4.8956
502,3/6/2020,BTAI,33.06,0.22%,-14.82%,0.074148396,-4.9,-4.9
3152,3/18/2020,CSR,62.1591,0.23%,-7.98%,0.144884185,-4.962,-4.962
5414,3/6/2018,PBH,36.24,0.31%,-13.88%,0.110970787,-5.03,-5.03
85,7/10/2018,BTAI,12.99,0.34%,-38.88%,0.044178798,-5.05,-5.05
945,12/7/2021,BTAI,22.57,0.25%,-22.77%,0.055587563,-5.14,-5.14
5970,5/20/2020,PBH,41.47,0.26%,-12.78%,0.109785625,-5.3,-5.3
1008,3/9/2022,BTAI,18.89,0.22%,-28.75%,0.041400726,-5.43,-5.43
3648,3/7/2022,CSR,103.454,0.19%,-5.48%,0.194363644,-5.6735,-5.6735
9261,8/8/2019,VRNT,28.7264,0.33%,-20.06%,0.094255702,-5.7616,-5.7616
1047,5/4/2022,BTAI,14.8,0.22%,-38.99%,0.033033479,-5.77,-5.77
5423,3/19/2018,PBH,35.3,0.22%,-16.88%,0.076251555,-5.96,-5.96
8649,4/20/2022,SLN,15.72,0.29%,-38.33%,0.045387518,-6.025,-6.025
9403,3/3/2020,VRNT,26.5818,0.25%,-22.88%,0.065569587,-6.0826,-6.0826
4262,10/10/2018,ODFL,91.3827,0.29%,-6.70%,0.268426483,-6.1272,-6.1272
2617,1/31/2018,CSR,47.0137,0.27%,-13.06%,0.126990496,-6.1406,-6.1406
5150,4/21/2022,ODFL,274.458,0.22%,-2.39%,0.61040461,-6.563,-6.563
5608,12/11/2018,PBH,33.92,0.29%,-19.46%,0.096686053,-6.6,-6.6
905,10/11/2021,BTAI,30.9,0.14%,-21.52%,0.043269783,-6.65,-6.65
1026,4/4/2022,BTAI,20.49,0.30%,-32.94%,0.060675035,-6.75,-6.75
3611,1/11/2022,CSR,99.0756,0.23%,-6.93%,0.22392006,-6.8697,-6.8697
9947,4/28/2022,VRNT,55.19,0.29%,-13.63%,0.162630349,-7.52,-7.52
386,9/19/2019,BTAI,11.77,0.25%,-64.66%,0.029299266,-7.61,-7.61
813,6/1/2021,BTAI,34.3,0.29%,-22.74%,0.10051628,-7.8,-7.8
2609,1/19/2018,CSR,47.3454,0.27%,-16.64%,0.126696196,-7.8771,-7.8771
8632,3/25/2022,SLN,19.25,0.25%,-41.30%,0.04852796,-7.95,-7.95
4905,5/3/2021,ODFL,260.305,0.24%,-3.08%,0.621293189,-8.029,-8.029
913,10/21/2021,BTAI,29.71,0.29%,-27.77%,0.08640772,-8.25,-8.25
3688,5/3/2022,CSR,84.6353,0.32%,-9.83%,0.270627889,-8.3224,-8.3224
2612,1/24/2018,CSR,47.9258,0.27%,-17.82%,0.128249345,-8.5404,-8.5404
9967,5/26/2022,VRNT,50.38,0.23%,-16.99%,0.113725872,-8.56,-8.56
4731,8/21/2020,ODFL,195.761,0.24%,-4.39%,0.469999296,-8.586,-8.586
5364,12/20/2017,PBH,44.25,0.30%,-19.71%,0.131395862,-8.72,-8.72
2606,1/16/2018,CSR,47.5941,0.33%,-18.99%,0.156038304,-9.0379,-9.0379
3749,8/1/2022,CSR,84.4058,0.25%,-10.85%,0.210677696,-9.1597,-9.1597
8635,3/30/2022,SLN,19.48,0.32%,-47.13%,0.061729773,-9.18,-9.18
3145,3/9/2020,CSR,61.9338,0.22%,-14.90%,0.134363081,-9.2299,-9.2299
496,2/27/2020,BTAI,32.57,0.22%,-28.71%,0.070447933,-9.35,-9.35
6523,8/1/2022,PBH,61.12,0.18%,-15.38%,0.109776397,-9.4,-9.4
4284,11/9/2018,ODFL,88.7464,0.34%,-10.68%,0.300371181,-9.4757,-9.4757
5371,1/2/2018,PBH,43.89,0.24%,-21.60%,0.106120165,-9.48,-9.48
733,2/4/2021,BTAI,54.39,0.29%,-17.71%,0.155897529,-9.63,-9.63
5108,2/18/2022,ODFL,287.031,0.21%,-3.47%,0.59815211,-9.949,-9.949
9970,6/1/2022,VRNT,51.72,0.18%,-19.24%,0.094379975,-9.95,-9.95
4913,5/13/2021,ODFL,262.592,0.26%,-3.85%,0.671765743,-10.117,-10.117
5310,10/4/2017,PBH,50.91,0.26%,-20.11%,0.131870432,-10.24,-10.24
4792,11/17/2020,ODFL,204.526,0.34%,-5.15%,0.687914038,-10.539,-10.539
1020,3/25/2022,BTAI,21.96,0.29%,-48.27%,0.062696678,-10.6,-10.6
5368,12/27/2017,PBH,44.54,0.35%,-24.20%,0.15483156,-10.78,-10.78
4234,8/30/2018,ODFL,100.616,0.21%,-10.76%,0.213483688,-10.8308,-10.8308
3658,3/21/2022,CSR,95.5338,0.24%,-11.41%,0.22925824,-10.8985,-10.8985
3140,3/2/2020,CSR,65.2955,0.26%,-16.84%,0.171051781,-10.9934,-10.9934
920,11/1/2021,BTAI,31.35,0.38%,-35.82%,0.118909622,-11.23,-11.23
5896,2/4/2020,PBH,41.28,0.37%,-27.33%,0.150880906,-11.28,-11.28
5370,12/29/2017,PBH,44.41,0.35%,-25.83%,0.157604278,-11.47,-11.47
5143,4/11/2022,ODFL,257.516,0.21%,-4.50%,0.551270295,-11.593,-11.593
4179,6/13/2018,ODFL,106.384,0.15%,-10.98%,0.159894897,-11.6799,-11.6799
3146,3/10/2020,CSR,63.7183,0.22%,-18.49%,0.138234488,-11.7815,-11.7815
4258,10/4/2018,ODFL,101.553,0.21%,-11.89%,0.217085888,-12.0768,-12.0768
924,11/5/2021,BTAI,34.24,0.27%,-35.72%,0.093161914,-12.23,-12.23
929,11/12/2021,BTAI,34.53,0.38%,-36.87%,0.130971268,-12.73,-12.73
5164,5/11/2022,ODFL,270.218,0.29%,-4.73%,0.788802686,-12.782,-12.782
3589,12/9/2021,CSR,105.136,0.13%,-12.28%,0.140301858,-12.9106,-12.9106
4252,9/26/2018,ODFL,106.181,0.22%,-13.11%,0.238472842,-13.9239,-13.9239
4728,8/18/2020,ODFL,193.925,0.20%,-7.34%,0.382558834,-14.239,-14.239
5109,2/22/2022,ODFL,285.676,0.27%,-5.94%,0.781460699,-16.965,-16.965
5153,4/26/2022,ODFL,271.495,0.17%,-6.59%,0.450275951,-17.895,-17.895
3603,12/30/2021,CSR,107.563,0.16%,-16.80%,0.172437999,-18.0719,-18.0719
3760,8/16/2022,CSR,87.947,0.19%,-22.53%,0.165213699,-19.813,-19.813
746,2/24/2021,BTAI,56.98,0.27%,-36.78%,0.151950332,-20.96,-20.96
3761,8/17/2022,CSR,87.947,0.18%,-24.19%,0.156700895,-21.277,-21.277
5166,5/13/2022,ODFL,272.503,0.39%,-8.09%,1.051075736,-22.059,-22.059
4590,1/31/2020,ODFL,129.562,0.14%,-17.86%,0.182449688,-23.142,-23.142
3131,2/18/2020,CSR,75.8221,0.29%,-33.75%,0.216351652,-25.5931,-25.5931
4603,2/20/2020,ODFL,149.033,0.10%,-17.36%,0.154516073,-25.872,-25.872
4245,9/17/2018,ODFL,106.589,0.16%,-25.61%,0.172636639,-27.2964,-27.2964
3130,2/14/2020,CSR,76.3178,0.29%,-37.12%,0.217766088,-28.3263,-28.3263
5056,12/6/2021,ODFL,351.991,0.21%,-11.53%,0.733088417,-40.569,-40.569
5070,12/27/2021,ODFL,354.453,0.32%,-12.66%,1.127309056,-44.885,-44.885
5078,1/6/2022,ODFL,341.086,0.18%,-15.85%,0.60166264,-54.055,-54.055
5057,12/7/2021,ODFL,362.826,0.21%,-15.66%,0.755654372,-56.826,-56.826
5116,3/3/2022,ODFL,323.716,0.10%,-18.40%,0.319184753,-59.565,-59.565
